thanh_phan,trang_thai,so_lan_xuat_hien,meaning_en,meaning_vi,vi_du_tu,nguon
academ,Mới - chưa có ảnh,1,"school, academy (Greek Akademeia)","trường học, học viện (Hy Lạp)",academically,missing_words_analyzed
acerb,Mới - chưa có ảnh,1,"bitter, sharp (Latin acerbus)","cay đắng, gay gắt (La Tinh)",exacerbate,missing_words_analyzed
actuar,Mới - chưa có ảnh,1,"to register, act as clerk (Latin actuarius)","ghi chép, tính toán (La Tinh)",actuarial,missing_words_analyzed
adolesc,Mới - chưa có ảnh,1,to grow up (Latin adolescere),"lớn lên, trưởng thành (La Tinh)",adolescence,missing_words_analyzed
aesthesia,Mới - chưa có ảnh,1,"sensation, feeling (Greek aisthesis)",cảm giác (Hy Lạp),anaesthesia,missing_words_analyzed
aggress,Mới - chưa có ảnh,1,"to attack, approach (Latin aggredi)","tấn công, tiến đến (La Tinh)",aggressive,missing_words_analyzed
alg,Mới - chưa có ảnh,1,pain (Greek algos),đau đớn (Hy Lạp),nostalgia,missing_words_analyzed
alp,Mới - chưa có ảnh,1,"a high mountain, especially one in the Alps",núi cao (đặc biệt ở dãy Alps),alp,missing_words_analyzed
ampl,Mới - chưa có ảnh,1,"large, ample (Latin amplus)","lớn, rộng (La Tinh)",amplifier,missing_words_analyzed
ancestr,Mới - chưa có ảnh,1,one who goes before (Latin antecessor),"người đi trước, tổ tiên (La Tinh)",ancestral,missing_words_analyzed
anim,Mới - chưa có ảnh,1,"soul, life, breath (Latin anima)","linh hồn, sự sống (La Tinh)",animate,missing_words_analyzed
aqui,Mới - chưa có ảnh,1,water (Latin aqua),nước (La Tinh),aquifer,missing_words_analyzed
aristo,Mới - chưa có ảnh,1,best (Greek aristos),tốt nhất (Hy Lạp),aristocrat,missing_words_analyzed
arthr,Mới - chưa có ảnh,1,joint (Greek arthron),khớp (Hy Lạp),arthritis,missing_words_analyzed
aud,Mới - chưa có ảnh,2,to hear (Latin audire),nghe (La Tinh),"audible, auditor",missing_words_analyzed
aut,Mới - chưa có ảnh,1,self (Greek autos),"tự, bản thân (Hy Lạp)",autism,missing_words_analyzed
avi,Mới - chưa có ảnh,1,bird (Latin avis),chim (La Tinh),aviation,missing_words_analyzed
bacteri(um),Mới - chưa có ảnh,1,"small rod, staff (Greek bakterion)","que nhỏ, vi khuẩn (Hy Lạp)",bacterial,missing_words_analyzed
bio,Mới - chưa có ảnh,1,life (Greek bios),sự sống (Hy Lạp),amphibian,missing_words_analyzed
biotic,Mới - chưa có ảnh,2,relating to life (Greek bios),liên quan đến sự sống (Hy Lạp),"antibiotic, symbiotic",missing_words_analyzed
bol,Mới - chưa có ảnh,1,to throw (Greek ballein),"ném, quăng (Hy Lạp)",metabolic,missing_words_analyzed
botan,Mới - chưa có ảnh,2,plant (Greek botane),"thực vật, cây cỏ (Hy Lạp)","botanical, botanist",missing_words_analyzed
brevi,Mới - chưa có ảnh,1,short (Latin brevis),ngắn (La Tinh),abbreviation,missing_words_analyzed
brib(e),Mới - chưa có ảnh,1,"to bribe, corrupt (Old French bribe)",hối lộ (Pháp cổ),bribery,missing_words_analyzed
bronch,Mới - chưa có ảnh,1,windpipe (Greek bronkhos),khí quản (Hy Lạp),bronchitis,missing_words_analyzed
burgl,Mới - chưa có ảnh,1,"to break into a house, steal (Medieval Latin burgare)",đột nhập trộm cắp (La Tinh trung cổ),burglar,missing_words_analyzed
calcul,Mới - chưa có ảnh,1,"pebble, to count (Latin calculus)","hòn sỏi, tính toán (La Tinh)",calculate,missing_words_analyzed
calibr,Mới - chưa có ảnh,1,"to measure, gauge (French calibre)","đo lường, hiệu chỉnh (Pháp)",calibration,missing_words_analyzed
calibre,Mới - chưa có ảnh,1,"measure, gauge (French calibre)","đo lường, cỡ (Pháp)",calibrate,missing_words_analyzed
carcino,Mới - chưa có ảnh,1,"crab, cancer (Greek karkinos)","cua, ung thư (Hy Lạp)",carcinogen,missing_words_analyzed
carn,Mới - chưa có ảnh,1,"flesh (Latin caro, carnis)","thịt, xác thịt (La Tinh)",incarnate,missing_words_analyzed
caut,Mới - chưa có ảnh,1,"to beware, take care (Latin cavere)","cẩn thận, đề phòng (La Tinh)",cautious,missing_words_analyzed
cay,Mới - chưa có ảnh,1,to fall (Latin cadere),"rơi, suy tàn (La Tinh)",decay,missing_words_analyzed
cedent,Mới - chưa có ảnh,1,"to go, yield (Latin cedere)","đi, nhường (La Tinh)",antecedent,missing_words_analyzed
ceed,Mới - chưa có ảnh,2,"to go, proceed (Latin cedere)","đi, tiến (La Tinh)","exceedingly, succeed",missing_words_analyzed
ceipt,Mới - chưa có ảnh,1,"to take, receive (Latin capere)","nhận, lấy (La Tinh)",receipt,missing_words_analyzed
ceit,Mới - chưa có ảnh,1,"to take, seize (Latin capere)","chiếm, lừa dối (La Tinh)",deceit,missing_words_analyzed
ceiv,Mới - chưa có ảnh,1,"to take, seize (Latin capere)","chiếm, lấy (La Tinh)",deceiver,missing_words_analyzed
ceive,Mới - chưa có ảnh,2,"to take, seize (Latin capere)","chiếm, lấy, nhận (La Tinh)","deceive, perceive",missing_words_analyzed
celer,Mới - chưa có ảnh,1,"swift, quick (Latin celer)","nhanh, mau lẹ (La Tinh)",accelerate,missing_words_analyzed
cellul,Mới - chưa có ảnh,1,"small room, cell (Latin cella)","tế bào, phòng nhỏ (La Tinh)",cellulose,missing_words_analyzed
cend,Mới - chưa có ảnh,1,"to burn, kindle (Latin incendere)","đốt cháy, nhóm lửa (La Tinh)",incendiary,missing_words_analyzed
centr,Mới - chưa có ảnh,1,center (Latin/Greek centrum),trung tâm (La Tinh/Hy Lạp),egocentric,missing_words_analyzed
cept,Mới - chưa có ảnh,6+,"to take, seize (Latin capere)","chiếm, lấy, nắm giữ (La Tinh)","deception, except, exception, exceptionally, receptor, susceptible",missing_words_analyzed
cerebr,Mới - chưa có ảnh,1,brain (Latin cerebrum),não (La Tinh),cerebral,missing_words_analyzed
cern,Mới - chưa có ảnh,1,"to distinguish, perceive (Latin cernere)","phân biệt, nhận thức (La Tinh)",discern,missing_words_analyzed
cert,Mới - chưa có ảnh,1,"sure, certain (Latin certus)",chắc chắn (La Tinh),certification,missing_words_analyzed
cess,Mới - chưa có ảnh,5,"to go, yield, cease (Latin cedere)","đi, nhường, ngừng (La Tinh)","accessibility, cessation, excessively, incessant, recession",missing_words_analyzed
chlor,Mới - chưa có ảnh,1,pale green (Greek khloros),xanh lục nhạt (Hy Lạp),chlorine,missing_words_analyzed
chol,Mới - chưa có ảnh,1,bile (Greek khole),mật (Hy Lạp),melancholic,missing_words_analyzed
chron,Mới - chưa có ảnh,3,time (Greek khronos),thời gian (Hy Lạp),"chronically, synchronization, synchronize",missing_words_analyzed
ciner,Mới - chưa có ảnh,1,ashes (Latin cinis),tro (La Tinh),incinerator,missing_words_analyzed
cip,Mới - chưa có ảnh,1,"to take, seize (Latin capere)","nhận, lấy (La Tinh)",recipient,missing_words_analyzed
circ,Mới - chưa có ảnh,1,"ring, circle (Latin circus)",vòng tròn (La Tinh),circular,missing_words_analyzed
circul,Mới - chưa có ảnh,1,"small ring, circle (Latin circulus)",vòng tròn nhỏ (La Tinh),circulate,missing_words_analyzed
civ,Mới - chưa có ảnh,1,citizen (Latin civis),công dân (La Tinh),civic,missing_words_analyzed
clar,Mới - chưa có ảnh,2,"clear, bright (Latin clarus)","rõ ràng, sáng (La Tinh)","clarify, clarity",missing_words_analyzed
clin,Mới - chưa có ảnh,1,"to lean, bend (Latin clinare)","nghiêng, uốn (La Tinh)",inclination,missing_words_analyzed
clude,Mới - chưa có ảnh,1,"to close, shut (Latin claudere)","đóng, khép (La Tinh)",exclude,missing_words_analyzed
clus,Mới - chưa có ảnh,3,"to close, shut (Latin claudere)","đóng, khép (La Tinh)","exclusion, exclusive, inconclusive",missing_words_analyzed
coca,Mới - chưa có ảnh,1,coca plant (Quechua kuka),cây coca (tiếng Quechua),cocaine,missing_words_analyzed
coerc,Mới - chưa có ảnh,1,"to restrain, force (Latin coercere)","kiềm chế, ép buộc (La Tinh)",coercion,missing_words_analyzed
cogni,Mới - chưa có ảnh,1,"to know, learn (Latin cognoscere)","biết, nhận thức (La Tinh)",cognition,missing_words_analyzed
communic,Mới - chưa có ảnh,1,"to share, make common (Latin communicare)","chia sẻ, truyền đạt (La Tinh)",telecommunication,missing_words_analyzed
compet,Mới - chưa có ảnh,1,"to strive together, be suitable (Latin competere)","cùng cố gắng, phù hợp (La Tinh)",competency,missing_words_analyzed
corpor,Mới - chưa có ảnh,1,body (Latin corpus),"cơ thể, thân thể (La Tinh)",incorporate,missing_words_analyzed
crat,Mới - chưa có ảnh,1,"power, rule (Greek kratos)","quyền lực, cai trị (Hy Lạp)",democratic,missing_words_analyzed
creat,Mới - chưa có ảnh,1,"to create, produce (Latin creare)","tạo ra, sáng tạo (La Tinh)",recreational,missing_words_analyzed
cred,Mới - chưa có ảnh,5,to believe (Latin credere),"tin, tin tưởng (La Tinh)","accredit, credential, credible, incredible, incredibly",missing_words_analyzed
cret,Mới - chưa có ảnh,1,"to separate, sift out (Latin cernere)","tách ra, bài tiết (La Tinh)",excretory,missing_words_analyzed
culc,Mới - chưa có ảnh,1,"to tread, press in (Latin calcare)","giẫm, ấn vào, nhồi nhét (La Tinh)",inculcate,missing_words_analyzed
cultur,Mới - chưa có ảnh,1,"to cultivate, till (Latin colere)","trồng trọt, canh tác (La Tinh)",agriculturalist,missing_words_analyzed
cumul,Mới - chưa có ảnh,2,"heap, pile (Latin cumulus)","đống, chồng chất (La Tinh)","accumulation, cumulatively",missing_words_analyzed
cumulate,Mới - chưa có ảnh,1,"to heap up, pile (Latin cumulare)","chồng chất, tích lũy (La Tinh)",cumulative,missing_words_analyzed
curricular,Mới - chưa có ảnh,1,"course, to run (Latin currere)","chương trình, chạy (La Tinh)",extracurricular,missing_words_analyzed
cutler,Mới - chưa có ảnh,1,knife (Latin culter),dao (La Tinh),cutlery,missing_words_analyzed
cyan,Mới - chưa có ảnh,1,dark blue (Greek kyanos),xanh lam đậm (Hy Lạp),cyanide,missing_words_analyzed
decim,Mới - chưa có ảnh,1,tenth (Latin decimus),thứ mười (La Tinh),decimate,missing_words_analyzed
dict,Mới - chưa có ảnh,6+,"to say, speak (Latin dicere)",nói (La Tinh),"addict, contradiction, contradictory, dictate, predict, verdict",missing_words_analyzed
dit,Mới - chưa có ảnh,1,to give (Latin dare),"cho, đưa (La Tinh)",additive,missing_words_analyzed
divid,Mới - chưa có ảnh,2,to divide (Latin dividere),chia (La Tinh),"individualist, individuality",missing_words_analyzed
divis,Mới - chưa có ảnh,1,to divide (Latin dividere),chia (La Tinh),indivisible,missing_words_analyzed
domin,Mới - chưa có ảnh,2,"lord, master (Latin dominus)","chúa tể, chủ nhân (La Tinh)","dominance, dominate",missing_words_analyzed
dox,Mới - chưa có ảnh,1,"opinion, belief (Greek doxa)","ý kiến, quan niệm (Hy Lạp)",paradox,missing_words_analyzed
duce,Mới - chưa có ảnh,3,to lead (Latin ducere),dẫn dắt (La Tinh),"deduce, induce, introduce",missing_words_analyzed
dulg,Mới - chưa có ảnh,1,"to be kind to, give free rein (Latin indulgere)","nuông chiều, buông thả (La Tinh)",indulgence,missing_words_analyzed
dund,Mới - chưa có ảnh,1,to overflow (Latin undare),"tràn ngập, dư thừa (La Tinh)",redundancy,missing_words_analyzed
dur,Mới - chưa có ảnh,1,"to last, harden (Latin durare)","kéo dài, bền (La Tinh)",durable,missing_words_analyzed
dynam,Mới - chưa có ảnh,2,power (Greek dynamis),"sức mạnh, năng lượng (Hy Lạp)","aerodynamic, dynamism",missing_words_analyzed
econom,Mới - chưa có ảnh,4,household management (Greek oikonomia),"quản lý gia đình, kinh tế (Hy Lạp)","economical, economically, economics, economist",missing_words_analyzed
empiric,Mới - chưa có ảnh,1,experience (Greek empeiria),kinh nghiệm (Hy Lạp),empirical,missing_words_analyzed
environ,Mới - chưa có ảnh,2,to surround (Old French environner),bao quanh (Pháp cổ),"environment, environmental",missing_words_analyzed
equ,Mới - chưa có ảnh,2,"equal, even (Latin aequus)","bằng nhau, ngang nhau (La Tinh)","adequate, equate",missing_words_analyzed
etc.,Mới - chưa có ảnh,1,and the rest (Latin et cetera),và những cái còn lại (La Tinh),etc,missing_words_analyzed
ethn,Mới - chưa có ảnh,1,"nation, people (Greek ethnos)","dân tộc, quốc gia (Hy Lạp)",ethnic,missing_words_analyzed
eval,Mới - chưa có ảnh,1,"age, era (Latin aevum)","thời đại, kỷ nguyên (La Tinh)",medieval,missing_words_analyzed
evangel,Mới - chưa có ảnh,1,good news (Greek euangelion),"tin lành, tin mừng (Hy Lạp)",evangelical,missing_words_analyzed
evit,Mới - chưa có ảnh,1,to avoid (Latin evitare),tránh né (La Tinh),inevitable,missing_words_analyzed
evitable,Mới - chưa có ảnh,1,able to be avoided (Latin evitare),có thể tránh được (La Tinh),inevitably,missing_words_analyzed
exempl,Mới - chưa có ảnh,1,"example, sample (Latin exemplum)","ví dụ, mẫu (La Tinh)",exemplify,missing_words_analyzed
fasc,Mới - chưa có ảnh,2,bundle of rods (Latin fascis),"bó que, biểu tượng quyền lực (La Tinh)","fascism, fascist",missing_words_analyzed
feas,Mới - chưa có ảnh,1,"to do, make (Latin facere)","làm, thực hiện (La Tinh)",feasible,missing_words_analyzed
fect,Mới - chưa có ảnh,6+,"to do, make (Latin facere)","làm, thực hiện (La Tinh)","affection, defect, ineffective, infect, infection, infectious",missing_words_analyzed
feder,Mới - chưa có ảnh,1,"treaty, covenant (Latin foedus)","hiệp ước, liên minh (La Tinh)",federal,missing_words_analyzed
feit,Mới - chưa có ảnh,1,"to make, do (Latin facere)","làm, chế tạo (La Tinh)",counterfeit,missing_words_analyzed
fere,Mới - chưa có ảnh,1,to strike (Latin ferire),"đánh, va chạm (La Tinh)",interfere,missing_words_analyzed
fic,Mới - chưa có ảnh,5,"to make, do (Latin facere)","làm, chế tạo (La Tinh)","beneficiary, magnification, sufficiency, superficial, unification",missing_words_analyzed
fici,Mới - chưa có ảnh,2,"to make, do (Latin facere)","làm, thực hiện (La Tinh)","deficiency, proficiency",missing_words_analyzed
fid,Mới - chưa có ảnh,1,"to trust, faith (Latin fides)","tin cậy, niềm tin (La Tinh)",confident,missing_words_analyzed
fif,Mới - chưa có ảnh,2,five (Old English fif),năm (số 5) (tiếng Anh cổ),"fifteen, fifty",missing_words_analyzed
filtr,Mới - chưa có ảnh,1,"to filter, felt (Medieval Latin filtrum)",lọc (La Tinh trung cổ),infiltration,missing_words_analyzed
flamm,Mới - chưa có ảnh,1,flame (Latin flamma),ngọn lửa (La Tinh),flammable,missing_words_analyzed
flect,Mới - chưa có ảnh,4,to bend (Latin flectere),uốn cong (La Tinh),"inflection, reflect, reflection, reflective",missing_words_analyzed
fledge,Mới - chưa có ảnh,1,ready to fly (Old English flycge),sẵn sàng bay (tiếng Anh cổ),fledgling,missing_words_analyzed
flict,Mới - chưa có ảnh,2,to strike (Latin fligere),"đánh, va vào (La Tinh)","inflict, infliction",missing_words_analyzed
fluctu,Mới - chưa có ảnh,2,"to wave, flow (Latin fluctuare)","dao động, trôi chảy (La Tinh)","fluctuate, fluctuation",missing_words_analyzed
foli,Mới - chưa có ảnh,1,leaf (Latin folium),lá cây (La Tinh),foliage,missing_words_analyzed
formid,Mới - chưa có ảnh,1,"to fear, dread (Latin formidare)","sợ hãi, e ngại (La Tinh)",formidable,missing_words_analyzed
fortun,Mới - chưa có ảnh,1,"chance, luck (Latin fortuna)","may mắn, vận mệnh (La Tinh)",unfortunately,missing_words_analyzed
fract,Mới - chưa có ảnh,3,to break (Latin frangere),bẻ gãy (La Tinh),"fraction, fracture, refract",missing_words_analyzed
fundament,Mới - chưa có ảnh,2,"foundation, base (Latin fundamentum)","nền tảng, cơ sở (La Tinh)","fundamental, fundamentally",missing_words_analyzed
funer,Mới - chưa có ảnh,1,funeral rite (Latin funus),tang lễ (La Tinh),funeral,missing_words_analyzed
fus,Mới - chưa có ảnh,1,to pour (Latin fundere),"đổ, rót, truyền (La Tinh)",transfusion,missing_words_analyzed
gener,Mới - chưa có ảnh,2,"to beget, produce; kind (Latin generare/genus)","sinh ra, sản sinh; loại (La Tinh)","generic, regenerate",missing_words_analyzed
germin,Mới - chưa có ảnh,2,"sprout, seed (Latin germen)","mầm, hạt giống (La Tinh)","germinate, germination",missing_words_analyzed
gest,Mới - chưa có ảnh,1,"to carry, bear (Latin gerere)","mang, chở (La Tinh)",congest,missing_words_analyzed
glomerate,Mới - chưa có ảnh,1,to gather into a ball (Latin glomerare),"vón cục, tụ lại (La Tinh)",conglomerate,missing_words_analyzed
gnos,Mới - chưa có ảnh,1,to know (Greek gignoskein),"biết, hiểu (Hy Lạp)",diagnostic,missing_words_analyzed
gnosis,Mới - chưa có ảnh,1,knowledge (Greek gnosis),"kiến thức, sự hiểu biết (Hy Lạp)",diagnosis,missing_words_analyzed
gon,Mới - chưa có ảnh,2,angle (Greek gonia),góc (Hy Lạp),"hexagonal, octagonal",missing_words_analyzed
grav,Mới - chưa có ảnh,1,"heavy, serious (Latin gravis)","nặng, nghiêm trọng (La Tinh)",aggravate,missing_words_analyzed
gravit,Mới - chưa có ảnh,2,"heaviness, weight (Latin gravitas)","trọng lượng, sức nặng (La Tinh)","gravitate, gravitational",missing_words_analyzed
gress,Mới - chưa có ảnh,6+,"to step, walk (Latin gradi)",bước đi (La Tinh),"aggression, digression, progression, progressive, progressively, regression",missing_words_analyzed
griev,Mới - chưa có ảnh,1,"to burden, weigh down (Latin gravare)",gây gánh nặng (La Tinh),grievance,missing_words_analyzed
groundbreak,Mới - chưa có ảnh,1,to break ground (English compound),"khai phá, mở đường (tiếng Anh)",groundbreaking,missing_words_analyzed
gymnas,Mới - chưa có ảnh,1,to exercise (Greek gymnazein),tập luyện (Hy Lạp),gymnasium,missing_words_analyzed
hap,Mới - chưa có ảnh,1,"chance, luck (Old Norse happ)","vận may, tình cờ (Bắc Âu cổ)",mishap,missing_words_analyzed
haust,Mới - chưa có ảnh,1,"to draw out, drain (Latin haurire)","rút cạn, hút ra (La Tinh)",exhaust,missing_words_analyzed
headwater,Mới - chưa có ảnh,1,the source or upper part of a river,thượng nguồn của một con sông,headwater,missing_words_analyzed
hered,Mới - chưa có ảnh,1,"heir, inheritance (Latin heres)","người thừa kế, di sản (La Tinh)",hereditary,missing_words_analyzed
herit,Mới - chưa có ảnh,1,"heir, to inherit (Latin heres)","người thừa kế, thừa hưởng (La Tinh)",inherit,missing_words_analyzed
hesit,Mới - chưa có ảnh,1,"to stick, be stuck (Latin haerere)","dính, do dự (La Tinh)",hesitate,missing_words_analyzed
hibern,Mới - chưa có ảnh,1,to spend the winter (Latin hibernare),"trú đông, ngủ đông (La Tinh)",hibernation,missing_words_analyzed
hibit,Mới - chưa có ảnh,4,"to hold, have (Latin habere)","giữ, có, nắm giữ (La Tinh)","exhibit, inhibit, prohibit, prohibition",missing_words_analyzed
hierarch,Mới - chưa có ảnh,1,"sacred rule, priestly rank (Greek hierarkhes)","trật tự thiêng liêng, cấp bậc (Hy Lạp)",hierarchical,missing_words_analyzed
histor,Mới - chưa có ảnh,2,"to know, learn by inquiry (Greek historia)","tìm hiểu, lịch sử (Hy Lạp)","historic, historically",missing_words_analyzed
hol,Mới - chưa có ảnh,1,whole (Greek holos),"toàn thể, trọn vẹn (Hy Lạp)",holistic,missing_words_analyzed
horr,Mới - chưa có ảnh,1,"to bristle, shudder, dread (Latin horrere)","rùng mình, khiếp sợ (La Tinh)",horrible,missing_words_analyzed
humil,Mới - chưa có ảnh,1,"low, humble (Latin humilis)","thấp, khiêm nhường (La Tinh)",humility,missing_words_analyzed
humili,Mới - chưa có ảnh,2,to humble (Latin humiliare),"làm nhục, hạ thấp (La Tinh)","humiliate, humiliation",missing_words_analyzed
hygien,Mới - chưa có ảnh,1,health (Greek hygieia),"sức khỏe, vệ sinh (Hy Lạp)",hygienic,missing_words_analyzed
iatr,Mới - chưa có ảnh,1,"healing, medical treatment (Greek iatros)","chữa bệnh, y học (Hy Lạp)",psychiatrist,missing_words_analyzed
ident,Mới - chưa có ảnh,1,same (Latin idem),"giống nhau, đồng nhất (La Tinh)",identically,missing_words_analyzed
identi,Mới - chưa có ảnh,1,same (Latin idem),"giống nhau, đồng nhất (La Tinh)",identification,missing_words_analyzed
ign,Mới - chưa có ảnh,1,fire (Latin ignis),lửa (La Tinh),ignition,missing_words_analyzed
imagin,Mới - chưa có ảnh,2,"to picture, imagine (Latin imaginari)","tưởng tượng, hình dung (La Tinh)","imaginary, imaginative",missing_words_analyzed
imperi,Mới - chưa có ảnh,1,"to command, rule (Latin imperare)","ra lệnh, cai trị, đế quốc (La Tinh)",imperial,missing_words_analyzed
incide,Mới - chưa có ảnh,1,to fall (Latin incidere),"rơi vào, xảy ra trùng (La Tinh)",coincide,missing_words_analyzed
integr,Mới - chưa có ảnh,3,"whole, untouched (Latin integer)","toàn vẹn, nguyên vẹn (La Tinh)","integral, integrate, integration",missing_words_analyzed
irid,Mới - chưa có ảnh,1,"rainbow (Latin/Greek iris, iridis)",cầu vồng (Hy Lạp),iridescent,missing_words_analyzed
ist,Mới - chưa có ảnh,1,"to stand, be (Latin sistere)","đứng, tồn tại (La Tinh)",existence,missing_words_analyzed
itiate,Mới - chưa có ảnh,1,"to begin, enter upon (Latin initiare)","bắt đầu, khởi đầu (La Tinh)",initiate,missing_words_analyzed
itiner,Mới - chưa có ảnh,1,"journey, road (Latin iter, itineris)","hành trình, lộ trình (La Tinh)",itinerary,missing_words_analyzed
jacent,Mới - chưa có ảnh,1,to lie (Latin jacere),"nằm, ở gần (La Tinh)",adjacent,missing_words_analyzed
ject,Mới - chưa có ảnh,6+,to throw (Latin jacere),"ném, quăng (La Tinh)","adjective, inject, injection, objection, reject, trajectory",missing_words_analyzed
judic,Mới - chưa có ảnh,4,to judge (Latin judicare),"phán xét, xét xử (La Tinh)","judicial, judicious, judiciously, prejudice",missing_words_analyzed
jugate,Mới - chưa có ảnh,1,"to yoke, join (Latin jugare)","nối, ghép đôi (La Tinh)",conjugate,missing_words_analyzed
junct,Mới - chưa có ảnh,2,to join (Latin jungere),"nối, kết hợp (La Tinh)","adjunct, junction",missing_words_analyzed
jur,Mới - chưa có ảnh,1,to swear (Latin jurare),"thề, tuyên thệ (La Tinh)",juror,missing_words_analyzed
laund,Mới - chưa có ảnh,1,to wash (Latin lavare),"giặt, rửa (La Tinh)",laundry,missing_words_analyzed
lect,Mới - chưa có ảnh,4,"to choose, gather, read (Latin legere)","chọn, đọc, thu thập (La Tinh)","dialect, elect, elective, intellectual",missing_words_analyzed
letharg,Mới - chưa có ảnh,1,"forgetfulness, drowsiness (Greek lethargos)","quên lãng, uể oải (Hy Lạp)",lethargic,missing_words_analyzed
lev,Mới - chưa có ảnh,2,"to raise, lift, lighten (Latin levare)","nâng lên, làm nhẹ (La Tinh)","alleviate, relevant",missing_words_analyzed
lex,Mới - chưa có ảnh,1,"word, speech (Greek lexis)","từ, lời nói (Hy Lạp)",dyslexia,missing_words_analyzed
lexic,Mới - chưa có ảnh,1,"word, vocabulary (Greek lexikon)",từ vựng (Hy Lạp),lexical,missing_words_analyzed
liber,Mới - chưa có ảnh,2,free (Latin liber),tự do (La Tinh),"liberate, liberty",missing_words_analyzed
limin,Mới - chưa có ảnh,1,"threshold (Latin limen, liminis)",ngưỡng cửa (La Tinh),eliminate,missing_words_analyzed
lingu,Mới - chưa có ảnh,3,"tongue, language (Latin lingua)","lưỡi, ngôn ngữ (La Tinh)","bilingual, monolingual, multilingual",missing_words_analyzed
liqu,Mới - chưa có ảnh,1,"liquid, fluid (Latin liquere)","lỏng, chảy (La Tinh)",liquefy,missing_words_analyzed
loc,Mới - chưa có ảnh,4,place (Latin locus),"nơi chốn, vị trí (La Tinh)","allocate, allocation, locate, relocation",missing_words_analyzed
longev,Mới - chưa có ảnh,1,long life (Latin longus + aevum),"sống lâu, trường thọ (La Tinh)",longevity,missing_words_analyzed
lubric,Mới - chưa có ảnh,1,slippery (Latin lubricus),"trơn trượt, bôi trơn (La Tinh)",lubricate,missing_words_analyzed
luct,Mới - chưa có ảnh,1,"to struggle, resist (Latin luctari)","vật lộn, chống cự (La Tinh)",reluctance,missing_words_analyzed
lude,Mới - chưa có ảnh,1,to play (Latin ludere),"chơi đùa, ám chỉ (La Tinh)",allude,missing_words_analyzed
lumin,Mới - chưa có ảnh,2,"light (Latin lumen, luminis)",ánh sáng (La Tinh),"illuminate, illumination",missing_words_analyzed
lyze,Mới - chưa có ảnh,1,"to loosen, disable (Greek lyein)","làm lỏng, làm tê liệt (Hy Lạp)",paralyze,missing_words_analyzed
macul,Mới - chưa có ảnh,1,"spot, stain (Latin macula)","vết bẩn, đốm (La Tinh)",immaculate,missing_words_analyzed
magni,Mới - chưa có ảnh,1,"great, large (Latin magnus)","to lớn, vĩ đại (La Tinh)",magnify,missing_words_analyzed
mand,Mới - chưa có ảnh,1,"to order, entrust (Latin mandare)","ra lệnh, ủy thác (La Tinh)",mandate,missing_words_analyzed
manu,Mới - chưa có ảnh,3,hand (Latin manus),bàn tay (La Tinh),"manual, manually, manuscript",missing_words_analyzed
matern,Mới - chưa có ảnh,1,mother (Latin mater),mẹ (La Tinh),maternal,missing_words_analyzed
mathemat,Mới - chưa có ảnh,1,"learning, science (Greek mathema)","sự học, khoa học (Hy Lạp)",mathematically,missing_words_analyzed
mathematic,Mới - chưa có ảnh,2,"learning, science (Greek mathema)","sự học, khoa học (Hy Lạp)","mathematical, mathematician",missing_words_analyzed
mechan,Mới - chưa có ảnh,1,"machine, contrivance (Greek mekhane)","máy móc, cơ khí (Hy Lạp)",mechanic,missing_words_analyzed
medi,Mới - chưa có ảnh,2,middle (Latin medius),"ở giữa, trung gian (La Tinh)","intermediary, mediate",missing_words_analyzed
melod,Mới - chưa có ảnh,1,"song, tune (Greek melos + oide)","giai điệu, bài hát (Hy Lạp)",melodic,missing_words_analyzed
memor,Mới - chưa có ảnh,2,"mindful, remembering (Latin memor)",ghi nhớ (La Tinh),"memorable, memorization",missing_words_analyzed
ment,Mới - chưa có ảnh,1,"mind (Latin mens, mentis)",tâm trí (La Tinh),dementia,missing_words_analyzed
merse,Mới - chưa có ảnh,2,"to dip, plunge (Latin mergere)","nhúng, dìm (La Tinh)","immerse, submersion",missing_words_analyzed
meteorolog,Mới - chưa có ảnh,1,study of things in the sky (Greek meteoros + logos),nghiên cứu khí tượng (Hy Lạp),meteorological,missing_words_analyzed
migr,Mới - chưa có ảnh,2,"to move, wander (Latin migrare)","di chuyển, di cư (La Tinh)","emigrant, immigrant",missing_words_analyzed
migrat,Mới - chưa có ảnh,1,"to move, wander (Latin migrare)","di chuyển, di cư (La Tinh)",migratory,missing_words_analyzed
miracul,Mới - chưa có ảnh,1,"wonder, marvel (Latin miraculum)","kỳ diệu, điều lạ (La Tinh)",miraculous,missing_words_analyzed
mise,Mới - chưa có ảnh,2,"to send, put (Latin mittere)","gửi, đặt (La Tinh)","demise, premise",missing_words_analyzed
mitig,Mới - chưa có ảnh,1,"to soften, make mild (Latin mitigare)","làm dịu, làm mềm (La Tinh)",mitigate,missing_words_analyzed
molish,Mới - chưa có ảnh,1,"to build, construct (Latin moliri)","xây dựng, kiến thiết (La Tinh)",demolish,missing_words_analyzed
monstr,Mới - chưa có ảnh,1,to show (Latin monstrare),"chỉ ra, trình bày (La Tinh)",demonstration,missing_words_analyzed
mot,Mới - chưa có ảnh,1,to move (Latin movere),di chuyển (La Tinh),locomotion,missing_words_analyzed
muscul,Mới - chưa có ảnh,1,"muscle, little mouse (Latin musculus)",cơ bắp (La Tinh),muscular,missing_words_analyzed
naissance,Mới - chưa có ảnh,1,to be born (Latin nasci),"sinh ra, ra đời (La Tinh)",renaissance,missing_words_analyzed
naut,Mới - chưa có ảnh,1,"sailor, ship (Greek nautes)","thủy thủ, tàu thuyền (Hy Lạp)",aeronautics,missing_words_analyzed
navig,Mới - chưa có ảnh,1,to sail a ship (Latin navigare),"chèo thuyền, đi biển (La Tinh)",navigable,missing_words_analyzed
negoti,Mới - chưa có ảnh,2,"business, trade (Latin negotium)","kinh doanh, thương lượng (La Tinh)","negotiable, negotiator",missing_words_analyzed
neur,Mới - chưa có ảnh,1,"nerve, sinew (Greek neuron)",dây thần kinh (Hy Lạp),neural,missing_words_analyzed
nigr,Mới - chưa có ảnh,1,black (Latin niger),"màu đen, bôi nhọ (La Tinh)",denigration,missing_words_analyzed
noc,Mới - chưa có ảnh,2,to harm (Latin nocere),gây hại (La Tinh),"innocence, innocent",missing_words_analyzed
nom,Mới - chưa có ảnh,2,"law, custom, rule (Greek nomos)","luật lệ, quy tắc (Hy Lạp)","autonomous, autonomy",missing_words_analyzed
nown,Mới - chưa có ảnh,1,name (Latin nomen),"danh tiếng, tên tuổi (La Tinh)",renowned,missing_words_analyzed
numer,Mới - chưa có ảnh,2,number (Latin numerus),số lượng (La Tinh),"numerical, numerous",missing_words_analyzed
nunci,Mới - chưa có ảnh,1,"to announce, declare (Latin nuntiare)","loan báo, tuyên bố (La Tinh)",pronunciation,missing_words_analyzed
nutri,Mới - chưa có ảnh,2,to nourish (Latin nutrire),nuôi dưỡng (La Tinh),"malnutrition, nutrition",missing_words_analyzed
obsolesc,Mới - chưa có ảnh,1,"to grow old, fall into disuse (Latin obsolescere)","lỗi thời, cũ đi (La Tinh)",obsolescence,missing_words_analyzed
occup,Mới - chưa có ảnh,1,"to seize, take hold of (Latin occupare)",chiếm giữ (La Tinh),occupation,missing_words_analyzed
ocul,Mới - chưa có ảnh,1,"eye, bud (Latin oculus)","mắt, mầm (La Tinh)",inoculation,missing_words_analyzed
offici,Mới - chưa có ảnh,1,"duty, service, office (Latin officium)","chức vụ, nhiệm vụ (La Tinh)",officiate,missing_words_analyzed
olesc,Mới - chưa có ảnh,1,to grow up (Latin olescere),"lớn lên, trưởng thành (La Tinh)",adolescent,missing_words_analyzed
oner,Mới - chưa có ảnh,1,"burden, load (Latin onus, oneris)",gánh nặng (La Tinh),onerous,missing_words_analyzed
onym,Mới - chưa có ảnh,2,name (Greek onyma),tên (Hy Lạp),"anonymity, anonymous",missing_words_analyzed
opi,Mới - chưa có ảnh,1,poppy juice (Greek opion),nhựa cây thuốc phiện (Hy Lạp),opiate,missing_words_analyzed
optim,Mới - chưa có ảnh,2,best (Latin optimus),tốt nhất (La Tinh),"optimal, optimism",missing_words_analyzed
ordin,Mới - chưa có ảnh,2,"order, rank (Latin ordo, ordinis)","thứ tự, trật tự (La Tinh)","inordinate, subordinate",missing_words_analyzed
ordinate,Mới - chưa có ảnh,1,"order, rank (Latin ordo, ordinis)","thứ tự, trật tự (La Tinh)",coordinate,missing_words_analyzed
orn,Mới - chưa có ảnh,1,"to equip, deck out (Latin ornare)","trang trí, tô điểm (La Tinh)",adorn,missing_words_analyzed
oscill,Mới - chưa có ảnh,1,to swing (Latin oscillare),"đung đưa, dao động (La Tinh)",oscillation,missing_words_analyzed
otic,Mới - chưa có ảnh,1,"outside, foreign (Greek exo)","bên ngoài, ngoại lai (Hy Lạp)",exotic,missing_words_analyzed
pag,Mới - chưa có ảnh,1,"to fasten, fix (Latin pangere)","gắn chặt, nhân giống (La Tinh)",propagation,missing_words_analyzed
pathet,Mới - chưa có ảnh,1,"feeling, suffering (Greek pathos)","cảm xúc, đau khổ (Hy Lạp)",unsympathetic,missing_words_analyzed
pati,Mới - chưa có ảnh,1,"to suffer, feel (Latin pati)","chịu đựng, cảm nhận (La Tinh)",compatibility,missing_words_analyzed
patri,Mới - chưa có ảnh,2,"father, native land (Latin pater, patria)","cha, quê hương (La Tinh)","repatriate, repatriation",missing_words_analyzed
ped,Mới - chưa có ảnh,1,"foot (Latin pes, pedis)",chân (La Tinh),pedestrian,missing_words_analyzed
pede,Mới - chưa có ảnh,2,"foot (Latin pes, pedis)","chân, cản trở (La Tinh)","impede, impediment",missing_words_analyzed
pel,Mới - chưa có ảnh,5,"to drive, push (Latin pellere)","đẩy, thúc đẩy (La Tinh)","expel, propel, repel, repellant, repellent",missing_words_analyzed
pense,Mới - chưa có ảnh,1,"to weigh, pay, spend (Latin pensare)","cân, chi trả (La Tinh)",dispense,missing_words_analyzed
perman,Mới - chưa có ảnh,1,to remain (Latin permanere),"tồn tại lâu dài, ở lại (La Tinh)",permanence,missing_words_analyzed
pessim,Mới - chưa có ảnh,1,worst (Latin pessimus),tệ nhất (La Tinh),pessimism,missing_words_analyzed
phas,Mới - chưa có ảnh,1,speech (Greek phasis),lời nói (Hy Lạp),aphasic,missing_words_analyzed
phosph,Mới - chưa có ảnh,1,light-bearing (Greek phos + phoros),mang ánh sáng (Hy Lạp),phosphate,missing_words_analyzed
pix,Mới - chưa có ảnh,1,"picture (English, from pictura)",hình ảnh (Anh),pixel,missing_words_analyzed
plac,Mới - chưa có ảnh,1,to please (Latin placere),làm hài lòng (La Tinh),complacency,missing_words_analyzed
plagiary,Mới - chưa có ảnh,1,"kidnapper, plunderer (Latin plagiarius)","kẻ bắt cóc, đạo văn (La Tinh)",plagiarism,missing_words_analyzed
plat,Mới - chưa có ảnh,1,"a map or plan showing the layout and boundaries of a piece of land, especially for development",bản đồ/sơ đồ lô đất,plat,missing_words_analyzed
plaud,Mới - chưa có ảnh,1,"to clap, strike (Latin plaudere)",vỗ tay (La Tinh),applaud,missing_words_analyzed
plause,Mới - chưa có ảnh,1,"to clap, strike (Latin plaudere)",vỗ tay (La Tinh),applause,missing_words_analyzed
ple,Mới - chưa có ảnh,2,to fill (Latin plere),làm đầy (La Tinh),"complement, complementary",missing_words_analyzed
plen,Mới - chưa có ảnh,1,full (Latin plenus),đầy (La Tinh),replenish,missing_words_analyzed
plete,Mới - chưa có ảnh,1,to fill (Latin plere),"làm đầy, làm cạn (La Tinh)",deplete,missing_words_analyzed
pli,Mới - chưa có ảnh,1,to fold (Latin plicare),"gấp, nhân lên (La Tinh)",multiplier,missing_words_analyzed
plic,Mới - chưa có ảnh,1,to fold (Latin plicare),gấp lại (La Tinh),duplicate,missing_words_analyzed
plicate,Mới - chưa có ảnh,1,to fold (Latin plicare),"gấp lại, sao chép (La Tinh)",replicate,missing_words_analyzed
plode,Mới - chưa có ảnh,1,"to clap, drive off by clapping (Latin plaudere/plodere)","vỗ tay, đuổi đi, nổ (La Tinh)",explode,missing_words_analyzed
plos,Mới - chưa có ảnh,2,"to clap, burst (Latin plaudere/plosus)","vỗ tay, phát nổ (La Tinh)","explosion, explosive",missing_words_analyzed
polis,Mới - chưa có ảnh,1,city (Greek polis),thành phố (Hy Lạp),metropolis,missing_words_analyzed
pollut,Mới - chưa có ảnh,1,"to soil, defile (Latin polluere)","làm bẩn, ô nhiễm (La Tinh)",pollutant,missing_words_analyzed
pon,Mới - chưa có ảnh,2,"to put, place (Latin ponere)","đặt, để (La Tinh)","component, proponent",missing_words_analyzed
ponent,Mới - chưa có ảnh,1,"to put, place (Latin ponere)","đặt, để (La Tinh)",opponent,missing_words_analyzed
popul,Mới - chưa có ảnh,1,people (Latin populus),người dân (La Tinh),populist,missing_words_analyzed
por,Mới - chưa có ảnh,1,"passage, pore (Greek poros)","lỗ nhỏ, đường đi (Hy Lạp)",porous,missing_words_analyzed
pos,Mới - chưa có ảnh,2,"to put, place (Latin ponere)","đặt, để (La Tinh)","composer, composure",missing_words_analyzed
poverish,Mới - chưa có ảnh,1,poor (Latin pauper),nghèo (La Tinh),impoverishment,missing_words_analyzed
practi,Mới - chưa có ảnh,1,"to do, practice (Greek prattein)","làm, thực hành (Hy Lạp)",practitioner,missing_words_analyzed
practic,Mới - chưa có ảnh,1,"to do, practice (Greek prattein)","làm, thực hành (Hy Lạp)",practically,missing_words_analyzed
preci,Mới - chưa có ảnh,1,"price, value (Latin pretium)",giá trị (La Tinh),appreciable,missing_words_analyzed
pregnan,Mới - chưa có ảnh,1,before birth (Latin praegnans),mang thai (La Tinh),pregnancy,missing_words_analyzed
prehen,Mới - chưa có ảnh,1,"to seize, grasp (Latin prehendere)","nắm bắt, hiểu (La Tinh)",comprehension,missing_words_analyzed
prehend,Mới - chưa có ảnh,2,"to seize, grasp (Latin prehendere)","nắm bắt, hiểu (La Tinh)","comprehend, comprehensive",missing_words_analyzed
prestig,Mới - chưa có ảnh,1,"illusion, conjurer's trick (Latin praestigiae)","ảo thuật, uy tín (La Tinh)",prestigious,missing_words_analyzed
pret,Mới - chưa có ảnh,1,"to explain, interpret (Latin interpretari)",giải thích (La Tinh),interpretation,missing_words_analyzed
primit,Mới - chưa có ảnh,1,first (Latin primus),đầu tiên (La Tinh),primitive,missing_words_analyzed
pris,Mới - chưa có ảnh,1,"to seize, take (Latin prehendere via French prise)","nắm bắt, chiếm lấy (La Tinh)",surprisingly,missing_words_analyzed
probabil,Mới - chưa có ảnh,1,"provable, worthy of approval (Latin probabilis)",có thể chứng minh (La Tinh),probability,missing_words_analyzed
produc,Mới - chưa có ảnh,1,"to lead forward, bring forth (Latin producere)","đưa ra, sản xuất (La Tinh)",reproduction,missing_words_analyzed
propri,Mới - chưa có ảnh,2,one's own (Latin proprius),"thuộc riêng, đúng đắn (La Tinh)","appropriate, appropriately",missing_words_analyzed
propriet,Mới - chưa có ảnh,1,one's own (Latin proprius),"thuộc riêng, đúng đắn (La Tinh)",proprietary,missing_words_analyzed
provise,Mới - chưa có ảnh,1,"to foresee, provide (Latin providere)","nhìn trước, cung cấp (La Tinh)",improvise,missing_words_analyzed
proximate,Mới - chưa có ảnh,2,"near, nearest (Latin proximus)","gần, gần nhất (La Tinh)","approximate, approximately",missing_words_analyzed
pter,Mới - chưa có ảnh,1,wing (Greek pteron),cánh (Hy Lạp),helicopter,missing_words_analyzed
puls,Mới - chưa có ảnh,1,"to drive, push (Latin pellere)","thúc đẩy, xô đẩy (La Tinh)",compulsive,missing_words_analyzed
punct,Mới - chưa có ảnh,1,point (Latin punctum),điểm (La Tinh),punctual,missing_words_analyzed
punctu,Mới - chưa có ảnh,1,point (Latin punctum),điểm (La Tinh),punctuation,missing_words_analyzed
pung,Mới - chưa có ảnh,1,"to prick, sting (Latin pungere)","châm, chích (La Tinh)",pungent,missing_words_analyzed
quant,Mới - chưa có ảnh,1,"how much, amount (Latin quantus)","bao nhiêu, số lượng (La Tinh)",quantify,missing_words_analyzed
quanti,Mới - chưa có ảnh,2,"how much, amount (Latin quantus)","bao nhiêu, số lượng (La Tinh)","quantifier, quantitative",missing_words_analyzed
quis,Mới - chưa có ảnh,1,"to seek, ask (Latin quaerere)","tìm kiếm, yêu cầu (La Tinh)",requisite,missing_words_analyzed
quisit,Mới - chưa có ảnh,1,"to seek, ask (Latin quaerere)","tìm kiếm, yêu cầu (La Tinh)",acquisition,missing_words_analyzed
radi,Mới - chưa có ảnh,1,"ray, beam (Latin radius)","tia, chùm sáng (La Tinh)",radiate,missing_words_analyzed
radic,Mới - chưa có ảnh,3,root (Latin radix),"rễ, gốc rễ (La Tinh)","eradication, radical, radically",missing_words_analyzed
rase,Mới - chưa có ảnh,1,"to scrape, scratch out (Latin radere)","cạo, xóa bỏ (La Tinh)",erase,missing_words_analyzed
reck,Mới - chưa có ảnh,2,"to care, take heed (Old English reccan)","quan tâm, để ý (Anglo-Saxon)","reckless, recklessness",missing_words_analyzed
rect,Mới - chưa có ảnh,1,"straight, right (Latin rectus)","thẳng, đúng (La Tinh)",rectify,missing_words_analyzed
reg,Mới - chưa có ảnh,1,"to rule, guide (Latin regere)","cai trị, hướng dẫn (La Tinh)",regent,missing_words_analyzed
regul,Mới - chưa có ảnh,1,rule (Latin regula),quy tắc (La Tinh),irregular,missing_words_analyzed
ren,Mới - chưa có ảnh,1,kidney (Latin ren),thận (La Tinh),adrenaline,missing_words_analyzed
respons,Mới - chưa có ảnh,1,"to answer, respond (Latin respondere)","trả lời, đáp lại (La Tinh)",irresponsible,missing_words_analyzed
revers,Mới - chưa có ảnh,1,"the turned-back part of a garment, especially a lapel","phần vải lật ngược của trang phục, đặc biệt là ve áo",revers,missing_words_analyzed
revolut,Mới - chưa có ảnh,1,to turn around (Latin revolvere),"xoay vòng, quay lại (La Tinh)",revolutionary,missing_words_analyzed
rog,Mới - chưa có ảnh,1,to ask (Latin rogare),hỏi (La Tinh),interrogation,missing_words_analyzed
ros,Mới - chưa có ảnh,1,"to gnaw, eat away (Latin rodere)","gặm, ăn mòn (La Tinh)",corrosive,missing_words_analyzed
rumin,Mới - chưa có ảnh,1,"to chew over, meditate (Latin ruminare)","nhai lại, suy ngẫm (La Tinh)",ruminate,missing_words_analyzed
rupt,Mới - chưa có ảnh,6+,to break (Latin rumpere),"vỡ, phá vỡ (La Tinh)","corruption, disrupt, disruptive, eruption, interrupt, interruption",missing_words_analyzed
sacr,Mới - chưa có ảnh,1,"holy, sacred (Latin sacer)",thiêng liêng (La Tinh),sacred,missing_words_analyzed
sacrific,Mới - chưa có ảnh,1,"to make sacred, sacrifice (Latin sacrificare)","hiến tế, hy sinh (La Tinh)",sacrificial,missing_words_analyzed
sali,Mới - chưa có ảnh,1,"to leap, jump (Latin salire)","nhảy, vọt (La Tinh)",salient,missing_words_analyzed
salin,Mới - chưa có ảnh,2,salt (Latin sal),muối (La Tinh),"desalinate, desalination",missing_words_analyzed
salv,Mới - chưa có ảnh,1,"to save, make safe (Latin salvare)","cứu, làm cho an toàn (La Tinh)",salvation,missing_words_analyzed
sanit,Mới - chưa có ảnh,1,health (Latin sanitas),sức khỏe (La Tinh),sanitation,missing_words_analyzed
satis,Mới - chưa có ảnh,1,enough (Latin satis),đủ (La Tinh),satisfy,missing_words_analyzed
satur,Mới - chưa có ảnh,1,"to fill, glut (Latin saturare)","làm đầy, no đủ (La Tinh)",saturate,missing_words_analyzed
sault,Mới - chưa có ảnh,1,"to leap, jump (Latin salire)","nhảy, xông vào (La Tinh)",assault,missing_words_analyzed
scend,Mới - chưa có ảnh,2,to climb (Latin scandere),"trèo, leo (La Tinh)","descent, transcend",missing_words_analyzed
scrib,Mới - chưa có ảnh,1,to write (Latin scribere),viết (La Tinh),subscriber,missing_words_analyzed
scrutin,Mới - chưa có ảnh,1,"to examine closely, search (Latin scrutari)","xem xét kỹ, lục soát (La Tinh)",scrutiny,missing_words_analyzed
semble,Mới - chưa có ảnh,1,"to bring together, resemble (Latin simulare)","tập hợp, giống nhau (La Tinh)",assemble,missing_words_analyzed
semin,Mới - chưa có ảnh,2,seed (Latin semen),hạt giống (La Tinh),"disseminate, seminal",missing_words_analyzed
sens,Mới - chưa có ảnh,2,"to feel, perceive (Latin sentire)",cảm nhận (La Tinh),"sensibility, sensibly",missing_words_analyzed
senti,Mới - chưa có ảnh,1,"to feel, perceive (Latin sentire)",cảm nhận (La Tinh),sentient,missing_words_analyzed
separ,Mới - chưa có ảnh,1,to separate (Latin separare),tách rời (La Tinh),inseparable,missing_words_analyzed
sequ,Mới - chưa có ảnh,1,to follow (Latin sequi),theo sau (La Tinh),consequential,missing_words_analyzed
sequen,Mới - chưa có ảnh,1,to follow (Latin sequi),theo sau (La Tinh),sequential,missing_words_analyzed
serv,Mới - chưa có ảnh,3,"to keep, save (Latin servare)","giữ, bảo tồn (La Tinh)","conservationist, preservative, reservation",missing_words_analyzed
simil,Mới - chưa có ảnh,1,"like, similar (Latin similis)","giống, tương tự (La Tinh)",assimilate,missing_words_analyzed
singul,Mới - chưa có ảnh,1,"single, one (Latin singulus)","đơn, một (La Tinh)",singular,missing_words_analyzed
sist,Mới - chưa có ảnh,6+,to stand (Latin sistere),đứng (La Tinh),"consist, insist, persist, persistent, resist, resistant",missing_words_analyzed
soci,Mới - chưa có ảnh,1,"companion, ally (Latin socius)","bạn đồng hành, đồng minh (La Tinh)",sociability,missing_words_analyzed
solv,Mới - chưa có ảnh,1,"to loosen, release (Latin solvere)","nới lỏng, giải phóng (La Tinh)",insolvency,missing_words_analyzed
soph,Mới - chưa có ảnh,1,wisdom (Greek sophia),trí tuệ (Hy Lạp),philosopher,missing_words_analyzed
spect,Mới - chưa có ảnh,6+,"to look, see (Latin specere)","nhìn, xem (La Tinh)","aspect, inspect, inspector, perspective, respectively, spectator",missing_words_analyzed
spir,Mới - chưa có ảnh,2,to breathe (Latin spirare),thở (La Tinh),"respiration, respiratory",missing_words_analyzed
spise,Mới - chưa có ảnh,1,to look down on (Latin despicere),"khinh thường, nhìn xuống (La Tinh)",despise,missing_words_analyzed
spond,Mới - chưa có ảnh,1,"to pledge, promise (Latin spondere)","cam kết, hứa (La Tinh)",respondent,missing_words_analyzed
spontane,Mới - chưa có ảnh,1,of one's own will (Latin sponte),"tự nguyện, tự ý (La Tinh)",spontaneity,missing_words_analyzed
stant,Mới - chưa có ảnh,4,to stand (Latin stare),đứng (La Tinh),"circumstantial, substantial, substantiate, substantive",missing_words_analyzed
stil,Mới - chưa có ảnh,1,drop (Latin stilla),giọt (La Tinh),instil,missing_words_analyzed
stition,Mới - chưa có ảnh,1,to stand over (Latin superstare),"đứng trên, mê tín (La Tinh)",superstition,missing_words_analyzed
stitute,Mới - chưa có ảnh,5,"to set up, establish (Latin statuere)","thiết lập, dựng lên (La Tinh)","constituent, constitute, constitution, substitute, substitution",missing_words_analyzed
strateg,Mới - chưa có ảnh,1,"general, army leader (Greek strategos)","tướng quân, chỉ huy quân đội (Hy Lạp)",strategic,missing_words_analyzed
stroph,Mới - chưa có ảnh,1,to turn (Greek strephein),"xoay, quay (Hy Lạp)",catastrophic,missing_words_analyzed
struct,Mới - chưa có ảnh,5,to build (Latin struere),xây dựng (La Tinh),"construct, destructive, instruct, instructive, obstruct",missing_words_analyzed
sume,Mới - chưa có ảnh,1,"to take, take up (Latin sumere)","lấy, nắm lấy (La Tinh)",resume,missing_words_analyzed
surg,Mới - chưa có ảnh,1,to rise (Latin surgere),"trỗi dậy, dâng lên (La Tinh)",resurgence,missing_words_analyzed
surrect,Mới - chưa có ảnh,2,to rise (Latin surgere),"trỗi dậy, sống lại (La Tinh)","resurrect, resurrection",missing_words_analyzed
tach,Mới - chưa có ảnh,1,"to fasten, attach (Old French tachier)","gắn, buộc chặt (Pháp cổ)",detach,missing_words_analyzed
tain,Mới - chưa có ảnh,5,to hold (Latin tenere),"giữ, nắm (La Tinh)","containment, entertain, obtain, pertain, retain",missing_words_analyzed
taminate,Mới - chưa có ảnh,1,"to defile, corrupt by touching (Latin contaminare)","làm bẩn, nhiễm bẩn (La Tinh)",contaminant,missing_words_analyzed
technic,Mới - chưa có ảnh,1,"skill, craft (Greek techne)","kỹ năng, kỹ thuật (Hy Lạp)",technical,missing_words_analyzed
tempor,Mới - chưa có ảnh,1,time (Latin tempus),thời gian (La Tinh),contemporary,missing_words_analyzed
terg,Mới - chưa có ảnh,1,to wipe clean (Latin tergere),lau sạch (La Tinh),detergent,missing_words_analyzed
termin,Mới - chưa có ảnh,2,"end, boundary (Latin terminus)","kết thúc, ranh giới (La Tinh)","terminal, terminate",missing_words_analyzed
thes,Mới - chưa có ảnh,1,"to place, put (Greek tithenai)","đặt, để (Hy Lạp)",synthesize,missing_words_analyzed
thet,Mới - chưa có ảnh,1,"to place, put (Greek tithenai)","đặt, để (Hy Lạp)",hypothetical,missing_words_analyzed
thetic,Mới - chưa có ảnh,1,"to place, put (Greek tithenai)","đặt, để (Hy Lạp)",synthetic,missing_words_analyzed
thir,Mới - chưa có ảnh,1,three (Old English threo),ba (Anglo-Saxon),thirty,missing_words_analyzed
thusiast,Mới - chưa có ảnh,1,"inspired, possessed by a god (Greek entheos)","được thần linh nhập, đầy nhiệt huyết (Hy Lạp)",enthusiastic,missing_words_analyzed
tingent,Mới - chưa có ảnh,1,"to touch, happen upon (Latin contingere)","chạm, xảy đến (La Tinh)",contingent,missing_words_analyzed
tinguish,Mới - chưa có ảnh,1,"to quench, put out (Latin extinguere)",dập tắt (La Tinh),extinguish,missing_words_analyzed
toler,Mới - chưa có ảnh,1,"to bear, endure (Latin tolerare)",chịu đựng (La Tinh),tolerance,missing_words_analyzed
tox,Mới - chưa có ảnh,2,poison (Greek toxikon),chất độc (Hy Lạp),"toxic, toxin",missing_words_analyzed
tribut,Mới - chưa có ảnh,1,"to pay, grant, allot (Latin tribuere)","trả, cấp phát (La Tinh)",tributary,missing_words_analyzed
tric,Mới - chưa có ảnh,2,"tangles, snares (Latin tricae)","rối rắm, vướng mắc (La Tinh)","inextricable, intricate",missing_words_analyzed
trit,Mới - chưa có ảnh,1,"to rub, wear down (Latin terere)","cọ xát, mài mòn (La Tinh)",attrition,missing_words_analyzed
trud,Mới - chưa có ảnh,1,"to thrust, push (Latin trudere)","đẩy, xô (La Tinh)",intruder,missing_words_analyzed
trude,Mới - chưa có ảnh,1,"to thrust, push (Latin trudere)","đẩy, xô (La Tinh)",intrusion,missing_words_analyzed
tuit,Mới - chưa có ảnh,1,"to look, watch over (Latin tueri)","nhìn, coi sóc (La Tinh)",intuitive,missing_words_analyzed
ul,Mới - chưa có ảnh,1,"tending to, inclined to (Latin -ulus tendency suffix)","có xu hướng, dễ (hậu tố La Tinh -ulus)",credulous,missing_words_analyzed
ulter,Mới - chưa có ảnh,1,other (Latin alter),khác (La Tinh),adulterate,missing_words_analyzed
und,Mới - chưa có ảnh,2,wave (Latin unda),sóng (La Tinh),"abundance, inundate",missing_words_analyzed
uni,Mới - chưa có ảnh,1,one (Latin unus),một (La Tinh),reunification,missing_words_analyzed
urb,Mới - chưa có ảnh,1,city (Latin urbs),thành phố (La Tinh),suburb,missing_words_analyzed
urg,Mới - chưa có ảnh,1,"to press, urge (Latin urgere)","thúc ép, thúc giục (La Tinh)",urgently,missing_words_analyzed
util,Mới - chưa có ảnh,3,"useful, to use (Latin uti)","hữu ích, sử dụng (La Tinh)","utility, utilization, utilize",missing_words_analyzed
vaccin,Mới - chưa có ảnh,1,cow (Latin vacca),con bò (La Tinh),vaccination,missing_words_analyzed
vag,Mới - chưa có ảnh,1,to wander (Latin vagari),lang thang (La Tinh),extravagant,missing_words_analyzed
vagant,Mới - chưa có ảnh,1,to wander (Latin vagari),lang thang (La Tinh),extravagance,missing_words_analyzed
vail,Mới - chưa có ảnh,1,"to be strong, have power (Latin valere)","mạnh mẽ, có sức mạnh (La Tinh)",prevail,missing_words_analyzed
valent,Mới - chưa có ảnh,1,"to be strong, be worth (Latin valere)","có giá trị, mạnh (La Tinh)",equivalence,missing_words_analyzed
valu,Mới - chưa có ảnh,2,"worth, value (Latin valere)",giá trị (La Tinh),"devaluation, evaluation",missing_words_analyzed
vas,Mới - chưa có ảnh,1,"to go, walk (Latin vadere)",đi (La Tinh),invasion,missing_words_analyzed
vascul,Mới - chưa có ảnh,1,vessel (Latin vasculum),"mạch, ống dẫn (La Tinh)",cardiovascular,missing_words_analyzed
vene,Mới - chưa có ảnh,1,to come (Latin venire),đến (La Tinh),intervene,missing_words_analyzed
venge,Mới - chưa có ảnh,1,"to avenge, claim (Latin vindicare)","trả thù, đòi lại (La Tinh)",vengeance,missing_words_analyzed
ver,Mới - chưa có ảnh,1,true (Latin verus),"đúng, thật (La Tinh)",verify,missing_words_analyzed
vers,Mới - chưa có ảnh,3,to turn (Latin vertere),"xoay, quay (La Tinh)","controversy, diversification, extroversion",missing_words_analyzed
vert,Mới - chưa có ảnh,6+,to turn (Latin vertere),"xoay, quay (La Tinh)","avert, conversion, convert, divert, introvert, invert",missing_words_analyzed
vey,Mới - chưa có ảnh,1,to see (Latin videre),"nhìn, xem (La Tinh)",survey,missing_words_analyzed
vict,Mới - chưa có ảnh,1,to conquer (Latin vincere),"chinh phục, đánh bại (La Tinh)",eviction,missing_words_analyzed
vis,Mới - chưa có ảnh,2,to see (Latin videre),"nhìn, thấy (La Tinh)","invisibly, revision",missing_words_analyzed
viv,Mới - chưa có ảnh,1,to live (Latin vivere),sống (La Tinh),revival,missing_words_analyzed
vive,Mới - chưa có ảnh,1,to live (Latin vivere),sống (La Tinh),revive,missing_words_analyzed
voc,Mới - chưa có ảnh,2,to call (Latin vocare),"gọi, kêu gọi (La Tinh)","advocate, provocative",missing_words_analyzed
volunt,Mới - chưa có ảnh,2,"will, wish (Latin velle)",ý muốn (La Tinh),"involuntary, volunteer",missing_words_analyzed
volut,Mới - chưa có ảnh,1,to roll (Latin volvere),"cuộn, lăn (La Tinh)",evolution,missing_words_analyzed
volve,Mới - chưa có ảnh,2,to roll (Latin volvere),"cuộn, lăn (La Tinh)","evolve, revolve",missing_words_analyzed
vour,Mới - chưa có ảnh,1,"to devour, swallow (Latin vorare)","nuốt, ăn ngấu nghiến (La Tinh)",devour,missing_words_analyzed
whelm,Mới - chưa có ảnh,2,"to overturn, submerge (Middle English whelmen)","lật úp, nhấn chìm (Trung Anh)","overwhelm, overwhelmingly",missing_words_analyzed
winn,Mới - chưa có ảnh,1,"to labor, strive, win (Old English winnan)","lao động, giành lấy (Anglo-Saxon)",breadwinner,missing_words_analyzed
writ(e),Mới - chưa có ảnh,1,to write (Old English writan),viết (Anglo-Saxon),writing,missing_words_analyzed
zair,Mới - chưa có ảnh,1,"Zaire (country name, former Congo)","Zaire (tên quốc gia, nay là Congo)",zairian,missing_words_analyzed
centre,Đã có trong MorphLink,3,"center (Latin centrum, Greek kentron)",trung tâm (La Tinh/Hy Lạp),"central, centrally, centrist",new_combinations
crimin,Đã có trong MorphLink,2,"crime, accusation (Latin crimen)","tội, buộc tội (La Tinh)","criminally, discriminatory",missing_words_analyzed+new_combinations
electr,Đã có trong MorphLink,1,amber (Greek elektron),hổ phách (Hy Lạp),electron,missing_words_analyzed
enorm,Đã có trong MorphLink,2,"out of the normal, excessive (Latin enormis)","vượt mức bình thường, quá lớn (La Tinh)","enormity, enormous",new_combinations
metre,Đã có trong MorphLink,2,measure (Greek metron),đo lường (Hy Lạp),"metric, metrics",new_combinations
phon,Đã có trong MorphLink,2,"sound, voice (Greek phone)","âm thanh, tiếng nói (Hy Lạp)","symphony, telephony",missing_words_analyzed
prob,Đã có trong MorphLink,3,"to test, prove (Latin probare)","kiểm tra, chứng minh (La Tinh)","improbable, probable, probated",new_combinations
stimul,Đã có trong MorphLink,2,"goad, prod (Latin stimulus)","thúc đẩy, chọc (La Tinh)","stimulated, stimulus",new_combinations
