loai,thanh_phan,trang_thai,so_lan_xuat_hien,meaning_en,meaning_vi,vi_du_tu,nguon,ly_do_loai
Root,Africa,Mới - chưa có ảnh,2,,,"africa, african",missing_words_analyzed,viết hoa (tên riêng/viết tắt/quốc tịch)
Root,Alaska,Mới - chưa có ảnh,1,,,alaska,missing_words_analyzed,viết hoa (tên riêng/viết tắt/quốc tịch)
Root,Alison,Mới - chưa có ảnh,1,,,alison,missing_words_analyzed,viết hoa (tên riêng/viết tắt/quốc tịch)
Root,Amenhotep,Mới - chưa có ảnh,1,,,amenhotep,missing_words_analyzed,viết hoa (tên riêng/viết tắt/quốc tịch)
Root,America,Mới - chưa có ảnh,1,,,america,missing_words_analyzed,viết hoa (tên riêng/viết tắt/quốc tịch)
Root,Angkor,Mới - chưa có ảnh,1,,,angkor,missing_words_analyzed,viết hoa (tên riêng/viết tắt/quốc tịch)
Root,Anthony,Mới - chưa có ảnh,1,,,anthony,missing_words_analyzed,viết hoa (tên riêng/viết tắt/quốc tịch)
Root,April,Mới - chưa có ảnh,1,,,april,missing_words_analyzed,viết hoa (tên riêng/viết tắt/quốc tịch)
Root,Arabic,Mới - chưa có ảnh,1,,,arabic,missing_words_analyzed,viết hoa (tên riêng/viết tắt/quốc tịch)
Root,Arizona,Mới - chưa có ảnh,1,,,arizona,missing_words_analyzed,viết hoa (tên riêng/viết tắt/quốc tịch)
Root,Asia,Mới - chưa có ảnh,1,,,asian,missing_words_analyzed,viết hoa (tên riêng/viết tắt/quốc tịch)
Root,Atlanta,Mới - chưa có ảnh,1,,,atlanta,missing_words_analyzed,viết hoa (tên riêng/viết tắt/quốc tịch)
Root,Aus,Mới - chưa có ảnh,1,,,aussie,missing_words_analyzed,viết hoa (tên riêng/viết tắt/quốc tịch)
Root,Australia,Mới - chưa có ảnh,1,,,australian,missing_words_analyzed,viết hoa (tên riêng/viết tắt/quốc tịch)
Root,BMW,Mới - chưa có ảnh,1,,,bmw,missing_words_analyzed,viết hoa (tên riêng/viết tắt/quốc tịch)
Root,Bangladesh,Mới - chưa có ảnh,1,,,bangladesh,missing_words_analyzed,viết hoa (tên riêng/viết tắt/quốc tịch)
Root,Barnard,Mới - chưa có ảnh,1,,,barnard,missing_words_analyzed,viết hoa (tên riêng/viết tắt/quốc tịch)
Root,Beethoven,Mới - chưa có ảnh,1,,,beethoven,missing_words_analyzed,viết hoa (tên riêng/viết tắt/quốc tịch)
Root,Bengal,Mới - chưa có ảnh,1,,,bengal,missing_words_analyzed,viết hoa (tên riêng/viết tắt/quốc tịch)
Root,Benin,Mới - chưa có ảnh,1,,,benin,missing_words_analyzed,viết hoa (tên riêng/viết tắt/quốc tịch)
Root,Brit,Mới - chưa có ảnh,1,,,british,missing_words_analyzed,viết hoa (tên riêng/viết tắt/quốc tịch)
Root,Britain,Mới - chưa có ảnh,1,,,britain,missing_words_analyzed,viết hoa (tên riêng/viết tắt/quốc tịch)
Root,Cairo,Mới - chưa có ảnh,1,,,cairo,missing_words_analyzed,viết hoa (tên riêng/viết tắt/quốc tịch)
Root,Calais,Mới - chưa có ảnh,1,,,calais,missing_words_analyzed,viết hoa (tên riêng/viết tắt/quốc tịch)
Root,Calgary,Mới - chưa có ảnh,1,,,calgary,missing_words_analyzed,viết hoa (tên riêng/viết tắt/quốc tịch)
Root,Cambridge,Mới - chưa có ảnh,1,,,cambridge,missing_words_analyzed,viết hoa (tên riêng/viết tắt/quốc tịch)
Root,Canada,Mới - chưa có ảnh,1,,,canada,missing_words_analyzed,viết hoa (tên riêng/viết tắt/quốc tịch)
Root,Canberra,Mới - chưa có ảnh,1,,,canberra,missing_words_analyzed,viết hoa (tên riêng/viết tắt/quốc tịch)
Root,Celsius,Mới - chưa có ảnh,1,,,celsius,missing_words_analyzed,viết hoa (tên riêng/viết tắt/quốc tịch)
Root,Christ,Mới - chưa có ảnh,1,,,christian,missing_words_analyzed,viết hoa (tên riêng/viết tắt/quốc tịch)
Root,Christina,Mới - chưa có ảnh,1,,,christina,missing_words_analyzed,viết hoa (tên riêng/viết tắt/quốc tịch)
Root,Chrysler,Mới - chưa có ảnh,1,,,chrysler,missing_words_analyzed,viết hoa (tên riêng/viết tắt/quốc tịch)
Root,Confucius,Mới - chưa có ảnh,1,,,confucian,missing_words_analyzed,viết hoa (tên riêng/viết tắt/quốc tịch)
Root,Cornell,Mới - chưa có ảnh,1,,,cornell,missing_words_analyzed,viết hoa (tên riêng/viết tắt/quốc tịch)
Root,Crete,Mới - chưa có ảnh,1,,,crete,missing_words_analyzed,viết hoa (tên riêng/viết tắt/quốc tịch)
Root,Cullen,Mới - chưa có ảnh,1,,,cullen,missing_words_analyzed,viết hoa (tên riêng/viết tắt/quốc tịch)
Root,Cyprus,Mới - chưa có ảnh,1,,,cyprus,missing_words_analyzed,viết hoa (tên riêng/viết tắt/quốc tịch)
Root,Daimler,Mới - chưa có ảnh,1,,,daimler,missing_words_analyzed,viết hoa (tên riêng/viết tắt/quốc tịch)
Root,Darrow,Mới - chưa có ảnh,1,,,darrow,missing_words_analyzed,viết hoa (tên riêng/viết tắt/quốc tịch)
Root,DiCaprio,Mới - chưa có ảnh,1,,,dicaprio,missing_words_analyzed,viết hoa (tên riêng/viết tắt/quốc tịch)
Root,Diana,Mới - chưa có ảnh,1,,,diana,missing_words_analyzed,viết hoa (tên riêng/viết tắt/quốc tịch)
Root,Dion,Mới - chưa có ảnh,1,,,dion,missing_words_analyzed,viết hoa (tên riêng/viết tắt/quốc tịch)
Root,Disney,Mới - chưa có ảnh,1,,,disney,missing_words_analyzed,viết hoa (tên riêng/viết tắt/quốc tịch)
Root,Dover,Mới - chưa có ảnh,1,,,dover,missing_words_analyzed,viết hoa (tên riêng/viết tắt/quốc tịch)
Root,Dutch,Mới - chưa có ảnh,1,,,dutchman,missing_words_analyzed,viết hoa (tên riêng/viết tắt/quốc tịch)
Root,EEG,Mới - chưa có ảnh,1,,,eeg,missing_words_analyzed,viết hoa (tên riêng/viết tắt/quốc tịch)
Root,Edinburgh,Mới - chưa có ảnh,1,,,edinburgh,missing_words_analyzed,viết hoa (tên riêng/viết tắt/quốc tịch)
Root,Egypt,Mới - chưa có ảnh,1,,,egyptian,missing_words_analyzed,viết hoa (tên riêng/viết tắt/quốc tịch)
Root,Europe,Mới - chưa có ảnh,1,,,european,missing_words_analyzed,viết hoa (tên riêng/viết tắt/quốc tịch)
Root,Flynn,Mới - chưa có ảnh,1,,,flynn,missing_words_analyzed,viết hoa (tên riêng/viết tắt/quốc tịch)
Root,France,Mới - chưa có ảnh,1,,,france,missing_words_analyzed,viết hoa (tên riêng/viết tắt/quốc tịch)
Root,French,Mới - chưa có ảnh,1,,,french,missing_words_analyzed,viết hoa (tên riêng/viết tắt/quốc tịch)
Root,Germany,Mới - chưa có ảnh,1,,,germany,missing_words_analyzed,viết hoa (tên riêng/viết tắt/quốc tịch)
Root,Goodall,Mới - chưa có ảnh,1,,,goodall,missing_words_analyzed,viết hoa (tên riêng/viết tắt/quốc tịch)
Root,Greek,Mới - chưa có ảnh,1,,,greek,missing_words_analyzed,viết hoa (tên riêng/viết tắt/quốc tịch)
Root,Han,Mới - chưa có ảnh,1,,,han,missing_words_analyzed,viết hoa (tên riêng/viết tắt/quốc tịch)
Root,Hawaii,Mới - chưa có ảnh,1,,,hawaii,missing_words_analyzed,viết hoa (tên riêng/viết tắt/quốc tịch)
Root,Hebrew,Mới - chưa có ảnh,1,,,hebrew,missing_words_analyzed,viết hoa (tên riêng/viết tắt/quốc tịch)
Root,IPA,Mới - chưa có ảnh,1,,,ipa,missing_words_analyzed,viết hoa (tên riêng/viết tắt/quốc tịch)
Root,India,Mới - chưa có ảnh,1,,,indian,missing_words_analyzed,viết hoa (tên riêng/viết tắt/quốc tịch)
Root,Indonesia,Mới - chưa có ảnh,1,,,indonesia,missing_words_analyzed,viết hoa (tên riêng/viết tắt/quốc tịch)
Root,Ire,Mới - chưa có ảnh,1,,,irish,missing_words_analyzed,viết hoa (tên riêng/viết tắt/quốc tịch)
Root,Jackson,Mới - chưa có ảnh,1,,,jackson,missing_words_analyzed,viết hoa (tên riêng/viết tắt/quốc tịch)
Root,January,Mới - chưa có ảnh,1,,,january,missing_words_analyzed,viết hoa (tên riêng/viết tắt/quốc tịch)
Root,Japan,Mới - chưa có ảnh,2,,,"japan, japanese",missing_words_analyzed,viết hoa (tên riêng/viết tắt/quốc tịch)
Root,Jefferson,Mới - chưa có ảnh,1,,,jefferson,missing_words_analyzed,viết hoa (tên riêng/viết tắt/quốc tịch)
Root,Jennifer,Mới - chưa có ảnh,1,,,jennifer,missing_words_analyzed,viết hoa (tên riêng/viết tắt/quốc tịch)
Root,June,Mới - chưa có ảnh,1,,,june,missing_words_analyzed,viết hoa (tên riêng/viết tắt/quốc tịch)
Root,KIA,Mới - chưa có ảnh,1,,,kia,missing_words_analyzed,viết hoa (tên riêng/viết tắt/quốc tịch)
Root,Kazakhstan,Mới - chưa có ảnh,1,,,kazakhstan,missing_words_analyzed,viết hoa (tên riêng/viết tắt/quốc tịch)
Root,Kim,Mới - chưa có ảnh,1,,,kim,missing_words_analyzed,viết hoa (tên riêng/viết tắt/quốc tịch)
Root,Langmuir,Mới - chưa có ảnh,1,,,langmuir,missing_words_analyzed,viết hoa (tên riêng/viết tắt/quốc tịch)
Root,Leo,Mới - chưa có ảnh,1,,,leo,missing_words_analyzed,viết hoa (tên riêng/viết tắt/quốc tịch)
Root,Leslie,Mới - chưa có ảnh,1,,,leslie,missing_words_analyzed,viết hoa (tên riêng/viết tắt/quốc tịch)
Root,Lewis,Mới - chưa có ảnh,1,,,lewis,missing_words_analyzed,viết hoa (tên riêng/viết tắt/quốc tịch)
Root,Linton,Mới - chưa có ảnh,1,,,linton,missing_words_analyzed,viết hoa (tên riêng/viết tắt/quốc tịch)
Root,London,Mới - chưa có ảnh,1,,,london,missing_words_analyzed,viết hoa (tên riêng/viết tắt/quốc tịch)
Root,Louis,Mới - chưa có ảnh,1,,,louis,missing_words_analyzed,viết hoa (tên riêng/viết tắt/quốc tịch)
Root,Louisa,Mới - chưa có ảnh,1,,,louisa,missing_words_analyzed,viết hoa (tên riêng/viết tắt/quốc tịch)
Root,Malaysia,Mới - chưa có ảnh,1,,,malaysia,missing_words_analyzed,viết hoa (tên riêng/viết tắt/quốc tịch)
Root,Manchester,Mới - chưa có ảnh,1,,,manchester,missing_words_analyzed,viết hoa (tên riêng/viết tắt/quốc tịch)
Root,Maori,Mới - chưa có ảnh,1,,,maori,missing_words_analyzed,viết hoa (tên riêng/viết tắt/quốc tịch)
Root,Massachusetts,Mới - chưa có ảnh,1,,,massachusetts,missing_words_analyzed,viết hoa (tên riêng/viết tắt/quốc tịch)
Root,Memphis,Mới - chưa có ảnh,1,,,memphis,missing_words_analyzed,viết hoa (tên riêng/viết tắt/quốc tịch)
Root,Merton,Mới - chưa có ảnh,1,,,merton,missing_words_analyzed,viết hoa (tên riêng/viết tắt/quốc tịch)
Root,Mexico,Mới - chưa có ảnh,1,,,mexico,missing_words_analyzed,viết hoa (tên riêng/viết tắt/quốc tịch)
Root,Michael,Mới - chưa có ảnh,1,,,michael,missing_words_analyzed,viết hoa (tên riêng/viết tắt/quốc tịch)
Root,Monterey,Mới - chưa có ảnh,1,,,monterey,missing_words_analyzed,viết hoa (tên riêng/viết tắt/quốc tịch)
Root,Montgomery,Mới - chưa có ảnh,1,,,montgomery,missing_words_analyzed,viết hoa (tên riêng/viết tắt/quốc tịch)
Root,Morocco,Mới - chưa có ảnh,1,,,morocco,missing_words_analyzed,viết hoa (tên riêng/viết tắt/quốc tịch)
Root,Morse,Mới - chưa có ảnh,1,,,morse,missing_words_analyzed,viết hoa (tên riêng/viết tắt/quốc tịch)
Root,Mr,Mới - chưa có ảnh,1,,,mr,missing_words_analyzed,viết hoa (tên riêng/viết tắt/quốc tịch)
Root,Mussolini,Mới - chưa có ảnh,1,,,mussolini,missing_words_analyzed,viết hoa (tên riêng/viết tắt/quốc tịch)
Root,Myanmar,Mới - chưa có ảnh,1,,,myanmar,missing_words_analyzed,viết hoa (tên riêng/viết tắt/quốc tịch)
Root,NASA,Mới - chưa có ảnh,1,,,nasa,missing_words_analyzed,viết hoa (tên riêng/viết tắt/quốc tịch)
Root,Nepal,Mới - chưa có ảnh,2,,,"nepal, nepali",missing_words_analyzed,viết hoa (tên riêng/viết tắt/quốc tịch)
Root,Netherlands,Mới - chưa có ảnh,1,,,netherlands,missing_words_analyzed,viết hoa (tên riêng/viết tắt/quốc tịch)
Root,Newton,Mới - chưa có ảnh,1,,,newton,missing_words_analyzed,viết hoa (tên riêng/viết tắt/quốc tịch)
Root,Nigeria,Mới - chưa có ảnh,1,,,nigeria,missing_words_analyzed,viết hoa (tên riêng/viết tắt/quốc tịch)
Root,Norman,Mới - chưa có ảnh,1,,,norman,missing_words_analyzed,viết hoa (tên riêng/viết tắt/quốc tịch)
Root,October,Mới - chưa có ảnh,1,,,october,missing_words_analyzed,viết hoa (tên riêng/viết tắt/quốc tịch)
Root,Olympic,Mới - chưa có ảnh,1,,,olympic,missing_words_analyzed,viết hoa (tên riêng/viết tắt/quốc tịch)
Root,Oxford,Mới - chưa có ảnh,1,,,oxford,missing_words_analyzed,viết hoa (tên riêng/viết tắt/quốc tịch)
Root,PEI,Mới - chưa có ảnh,1,,,pei,missing_words_analyzed,viết hoa (tên riêng/viết tắt/quốc tịch)
Root,Pakistan,Mới - chưa có ảnh,1,,,pakistan,missing_words_analyzed,viết hoa (tên riêng/viết tắt/quốc tịch)
Root,Paraguay,Mới - chưa có ảnh,1,,,paraguay,missing_words_analyzed,viết hoa (tên riêng/viết tắt/quốc tịch)
Root,Paris,Mới - chưa có ảnh,1,,,paris,missing_words_analyzed,viết hoa (tên riêng/viết tắt/quốc tịch)
Root,Paul,Mới - chưa có ảnh,1,,,paul,missing_words_analyzed,viết hoa (tên riêng/viết tắt/quốc tịch)
Root,Pennsylvania,Mới - chưa có ảnh,1,,,pennsylvania,missing_words_analyzed,viết hoa (tên riêng/viết tắt/quốc tịch)
Root,Peru,Mới - chưa có ảnh,2,,,"peru, peruvian",missing_words_analyzed,viết hoa (tên riêng/viết tắt/quốc tịch)
Root,PhD,Mới - chưa có ảnh,1,,,phd,missing_words_analyzed,viết hoa (tên riêng/viết tắt/quốc tịch)
Root,Philip,Mới - chưa có ảnh,1,,,philip,missing_words_analyzed,viết hoa (tên riêng/viết tắt/quốc tịch)
Root,Philippine,Mới - chưa có ảnh,1,,,philippine,missing_words_analyzed,viết hoa (tên riêng/viết tắt/quốc tịch)
Root,Pythagoras,Mới - chưa có ảnh,1,,,pythagorean,missing_words_analyzed,viết hoa (tên riêng/viết tắt/quốc tịch)
Root,Qatar,Mới - chưa có ảnh,1,,,qatar,missing_words_analyzed,viết hoa (tên riêng/viết tắt/quốc tịch)
Root,Rachel,Mới - chưa có ảnh,1,,,rachel,missing_words_analyzed,viết hoa (tên riêng/viết tắt/quốc tịch)
Root,Rayleigh,Mới - chưa có ảnh,1,,,rayleigh,missing_words_analyzed,viết hoa (tên riêng/viết tắt/quốc tịch)
Root,Reynolds,Mới - chưa có ảnh,1,,,reynolds,missing_words_analyzed,viết hoa (tên riêng/viết tắt/quốc tịch)
Root,Rita,Mới - chưa có ảnh,1,,,rita,missing_words_analyzed,viết hoa (tên riêng/viết tắt/quốc tịch)
Root,Robert,Mới - chưa có ảnh,1,,,robert,missing_words_analyzed,viết hoa (tên riêng/viết tắt/quốc tịch)
Root,Rockefeller,Mới - chưa có ảnh,1,,,rockefeller,missing_words_analyzed,viết hoa (tên riêng/viết tắt/quốc tịch)
Root,Rome,Mới - chưa có ảnh,1,,,rome,missing_words_analyzed,viết hoa (tên riêng/viết tắt/quốc tịch)
Root,Russia,Mới - chưa có ảnh,2,,,"russia, russian",missing_words_analyzed,viết hoa (tên riêng/viết tắt/quốc tịch)
Root,Sahara,Mới - chưa có ảnh,1,,,sahara,missing_words_analyzed,viết hoa (tên riêng/viết tắt/quốc tịch)
Root,Salvador,Mới - chưa có ảnh,1,,,salvador,missing_words_analyzed,viết hoa (tên riêng/viết tắt/quốc tịch)
Root,Samsung,Mới - chưa có ảnh,1,,,samsung,missing_words_analyzed,viết hoa (tên riêng/viết tắt/quốc tịch)
Root,Samuel,Mới - chưa có ảnh,1,,,samuel,missing_words_analyzed,viết hoa (tên riêng/viết tắt/quốc tịch)
Root,San,Mới - chưa có ảnh,1,,,san,missing_words_analyzed,viết hoa (tên riêng/viết tắt/quốc tịch)
Root,Sax,Mới - chưa có ảnh,1,,,saxophone,missing_words_analyzed,viết hoa (tên riêng/viết tắt/quốc tịch)
Root,Scandinavia,Mới - chưa có ảnh,1,,,scandinavian,missing_words_analyzed,viết hoa (tên riêng/viết tắt/quốc tịch)
Root,Scott,Mới - chưa có ảnh,1,,,scott,missing_words_analyzed,viết hoa (tên riêng/viết tắt/quốc tịch)
Root,Senegal,Mới - chưa có ảnh,1,,,senegal,missing_words_analyzed,viết hoa (tên riêng/viết tắt/quốc tịch)
Root,Shelton,Mới - chưa có ảnh,1,,,shelton,missing_words_analyzed,viết hoa (tên riêng/viết tắt/quốc tịch)
Root,Skype,Mới - chưa có ảnh,1,,,skype,missing_words_analyzed,viết hoa (tên riêng/viết tắt/quốc tịch)
Root,Sony,Mới - chưa có ảnh,1,,,sony,missing_words_analyzed,viết hoa (tên riêng/viết tắt/quốc tịch)
Root,Spain,Mới - chưa có ảnh,1,,,spanish,missing_words_analyzed,viết hoa (tên riêng/viết tắt/quốc tịch)
Root,Stephanie,Mới - chưa có ảnh,1,,,stephanie,missing_words_analyzed,viết hoa (tên riêng/viết tắt/quốc tịch)
Root,Steve,Mới - chưa có ảnh,1,,,steve,missing_words_analyzed,viết hoa (tên riêng/viết tắt/quốc tịch)
Root,Stewart,Mới - chưa có ảnh,1,,,stewart,missing_words_analyzed,viết hoa (tên riêng/viết tắt/quốc tịch)
Root,Stu,Mới - chưa có ảnh,1,,,stu,missing_words_analyzed,viết hoa (tên riêng/viết tắt/quốc tịch)
Root,Styrofoam,Mới - chưa có ảnh,1,,,styrofoam,missing_words_analyzed,viết hoa (tên riêng/viết tắt/quốc tịch)
Root,Susan,Mới - chưa có ảnh,1,,,susan,missing_words_analyzed,viết hoa (tên riêng/viết tắt/quốc tịch)
Root,Swiss,Mới - chưa có ảnh,1,,,swiss,missing_words_analyzed,viết hoa (tên riêng/viết tắt/quốc tịch)
Root,Switzerland,Mới - chưa có ảnh,1,,,switzerland,missing_words_analyzed,viết hoa (tên riêng/viết tắt/quốc tịch)
Root,Sydney,Mới - chưa có ảnh,1,,,sydney,missing_words_analyzed,viết hoa (tên riêng/viết tắt/quốc tịch)
Root,Taylor,Mới - chưa có ảnh,1,,,taylor,missing_words_analyzed,viết hoa (tên riêng/viết tắt/quốc tịch)
Root,Ted,Mới - chưa có ảnh,1,,,ted,missing_words_analyzed,viết hoa (tên riêng/viết tắt/quốc tịch)
Root,Thai,Mới - chưa có ảnh,1,,,thai,missing_words_analyzed,viết hoa (tên riêng/viết tắt/quốc tịch)
Root,Thursday,Mới - chưa có ảnh,1,,,thursday,missing_words_analyzed,viết hoa (tên riêng/viết tắt/quốc tịch)
Root,Turk,Mới - chưa có ảnh,1,,,turkish,missing_words_analyzed,viết hoa (tên riêng/viết tắt/quốc tịch)
Root,USA,Mới - chưa có ảnh,1,,,usa,missing_words_analyzed,viết hoa (tên riêng/viết tắt/quốc tịch)
Root,Uganda,Mới - chưa có ảnh,1,,,uganda,missing_words_analyzed,viết hoa (tên riêng/viết tắt/quốc tịch)
Root,Ukraine,Mới - chưa có ảnh,1,,,ukraine,missing_words_analyzed,viết hoa (tên riêng/viết tắt/quốc tịch)
Root,VII,Mới - chưa có ảnh,1,,,vii,missing_words_analyzed,viết hoa (tên riêng/viết tắt/quốc tịch)
Root,Venus,Mới - chưa có ảnh,1,,,venus,missing_words_analyzed,viết hoa (tên riêng/viết tắt/quốc tịch)
Root,Victoria,Mới - chưa có ảnh,1,,,victorian,missing_words_analyzed,viết hoa (tên riêng/viết tắt/quốc tịch)
Root,Vienna,Mới - chưa có ảnh,1,,,vienna,missing_words_analyzed,viết hoa (tên riêng/viết tắt/quốc tịch)
Root,Vietnam,Mới - chưa có ảnh,1,,,vietnam,missing_words_analyzed,viết hoa (tên riêng/viết tắt/quốc tịch)
Root,Walpole,Mới - chưa có ảnh,1,,,walpole,missing_words_analyzed,viết hoa (tên riêng/viết tắt/quốc tịch)
Root,Whitney,Mới - chưa có ảnh,1,,,whitney,missing_words_analyzed,viết hoa (tên riêng/viết tắt/quốc tịch)
Root,Wright,Mới - chưa có ảnh,1,,,wright,missing_words_analyzed,viết hoa (tên riêng/viết tắt/quốc tịch)
Root,YouTube,Mới - chưa có ảnh,1,,,youtube,missing_words_analyzed,viết hoa (tên riêng/viết tắt/quốc tịch)
Root,adam,Mới - chưa có ảnh,1,"a male given name; in the Bible, the first man created by God",tên riêng Adam,adam,missing_words_analyzed,chỉ viết hoa trong từ điển (tên riêng)
Root,afghanistan,Mới - chưa có ảnh,1,a landlocked country in South-Central Asia,Afghanistan (quốc gia ở Nam-Trung Á),afghanistan,missing_words_analyzed,chỉ viết hoa trong từ điển (tên riêng)
Root,ala,Mới - chưa có ảnh,1,"(anatomy) a wing-like structure or process, e.g. the ala of the nose","(giải phẫu) cánh (cấu trúc hình cánh, ví dụ cánh mũi)",ala,missing_words_analyzed,chỉ viết hoa trong từ điển (tên riêng)
Root,alaska,Mới - chưa có ảnh,1,,,alaskan,missing_words_analyzed,chỉ viết hoa trong từ điển (tên riêng)
Root,albert,Mới - chưa có ảnh,1,a male given name of Germanic origin,tên riêng nam giới gốc Đức (Albert),albert,missing_words_analyzed,chỉ viết hoa trong từ điển (tên riêng)
Root,alberto,Mới - chưa có ảnh,1,"a male given name, the Italian, Spanish, and Portuguese form of Albert",tên riêng nam giới (dạng Albert),alberto,missing_words_analyzed,chỉ viết hoa trong từ điển (tên riêng)
Root,alexander,Mới - chưa có ảnh,1,"a common male given name; also 'Alexander the Great', a historical king of Macedon",tên riêng nam giới (Alexander); Alexander Đại đế,alexander,missing_words_analyzed,chỉ viết hoa trong từ điển (tên riêng)
Root,alexandria,Mới - chưa có ảnh,1,a major port city in Egypt founded by Alexander the Great,thành phố Alexandria (Ai Cập),alexandria,missing_words_analyzed,chỉ viết hoa trong từ điển (tên riêng)
Root,alfred,Mới - chưa có ảnh,1,a male given name,tên riêng Alfred,alfred,missing_words_analyzed,chỉ viết hoa trong từ điển (tên riêng)
Root,alonzo,Mới - chưa có ảnh,1,a male given name,tên riêng Alonzo,alonzo,missing_words_analyzed,chỉ viết hoa trong từ điển (tên riêng)
Root,alphonse,Mới - chưa có ảnh,1,a male given name,tên riêng Alphonse,alphonse,missing_words_analyzed,chỉ viết hoa trong từ điển (tên riêng)
Root,alzheimer,Mới - chưa có ảnh,1,(Alzheimer's disease) a progressive disease that causes dementia and memory loss,bệnh Alzheimer (mất trí nhớ),alzheimer,missing_words_analyzed,chỉ viết hoa trong từ điển (tên riêng)
Root,america,Mới - chưa có ảnh,1,,,american,missing_words_analyzed,chỉ viết hoa trong từ điển (tên riêng)
Root,amos,Mới - chưa có ảnh,1,a male given name; a Hebrew prophet in the Bible,tên riêng Amos,amos,missing_words_analyzed,chỉ viết hoa trong từ điển (tên riêng)
Root,amsterdam,Mới - chưa có ảnh,1,the capital city of the Netherlands,Amsterdam (thủ đô Hà Lan),amsterdam,missing_words_analyzed,chỉ viết hoa trong từ điển (tên riêng)
Root,ana,Mới - chưa có ảnh,1,a common female given name (short form of Anna/Ana),tên riêng nữ giới (Ana),ana,missing_words_analyzed,chỉ viết hoa trong từ điển (tên riêng)
Root,andalusia,Mới - chưa có ảnh,1,,,andalusian,missing_words_analyzed,chỉ viết hoa trong từ điển (tên riêng)
Root,andes,Mới - chưa có ảnh,1,a major mountain range running along the west coast of South America,dãy núi Andes,andes,missing_words_analyzed,chỉ viết hoa trong từ điển (tên riêng)
Root,ann,Mới - chưa có ảnh,1,a female given name,tên riêng Ann,ann,missing_words_analyzed,chỉ viết hoa trong từ điển (tên riêng)
Root,anne,Mới - chưa có ảnh,1,a female given name,Anne (tên riêng nữ giới),anne,missing_words_analyzed,chỉ viết hoa trong từ điển (tên riêng)
Root,antoine,Mới - chưa có ảnh,1,a male given name,tên riêng Antoine,antoine,missing_words_analyzed,chỉ viết hoa trong từ điển (tên riêng)
Root,arab,Mới - chưa có ảnh,1,a member of a Semitic people originally from the Arabian Peninsula and widely dispersed across the Middle East and North Africa,người Ả Rập,arab,missing_words_analyzed,chỉ viết hoa trong từ điển (tên riêng)
Root,argentina,Mới - chưa có ảnh,1,a country in South America,Argentina (quốc gia ở Nam Mỹ),argentina,missing_words_analyzed,chỉ viết hoa trong từ điển (tên riêng)
Root,aries,Mới - chưa có ảnh,1,"a constellation and the first sign of the zodiac, represented by the Ram","chòm sao Bạch Dương, cung hoàng đạo đầu tiên",aries,missing_words_analyzed,chỉ viết hoa trong từ điển (tên riêng)
Root,arkansas,Mới - chưa có ảnh,1,a state in the south-central United States,bang Arkansas (Mỹ),arkansas,missing_words_analyzed,chỉ viết hoa trong từ điển (tên riêng)
Root,arnold,Mới - chưa có ảnh,1,a male given name,tên riêng Arnold,arnold,missing_words_analyzed,chỉ viết hoa trong từ điển (tên riêng)
Root,asia,Mới - chưa có ảnh,1,"the largest continent, bounded by Europe and the Pacific, Indian, and Arctic oceans",châu Á,asia,missing_words_analyzed,chỉ viết hoa trong từ điển (tên riêng)
Root,atlantic,Mới - chưa có ảnh,1,the ocean lying between the Americas to the west and Europe and Africa to the east,Đại Tây Dương,atlantic,missing_words_analyzed,chỉ viết hoa trong từ điển (tên riêng)
Root,aug,Mới - chưa có ảnh,1,abbreviation for the month of August,viết tắt của tháng Tám (Aug = August),aug,missing_words_analyzed,chỉ viết hoa trong từ điển (tên riêng)
Root,australia,Mới - chưa có ảnh,1,a country and continent in the Southern Hemisphere,"nước Úc, châu Úc",australia,missing_words_analyzed,chỉ viết hoa trong từ điển (tên riêng)
Root,austria,Mới - chưa có ảnh,2,a country in Central Europe,Áo (quốc gia ở Trung Âu),"austria, austrian",missing_words_analyzed,chỉ viết hoa trong từ điển (tên riêng)
Root,ayala,Mới - chưa có ảnh,1,"a surname of Basque/Spanish origin, also a well-known Filipino family and business group name","họ Ayala (tên riêng, gốc Basque/Tây Ban Nha)",ayala,missing_words_analyzed,chỉ viết hoa trong từ điển (tên riêng)
Root,bach,Mới - chưa có ảnh,1,"a surname, notably that of Johann Sebastian Bach, the German composer","họ (tên riêng), gắn với nhà soạn nhạc Johann Sebastian Bach",bach,missing_words_analyzed,chỉ viết hoa trong từ điển (tên riêng)
Root,balkan,Mới - chưa có ảnh,1,"of or relating to the Balkans, a region in southeastern Europe",thuộc vùng Balkan (Đông Nam Âu),balkan,missing_words_analyzed,chỉ viết hoa trong từ điển (tên riêng)
Root,bangkok,Mới - chưa có ảnh,1,the capital and largest city of Thailand,Bangkok (thủ đô Thái Lan),bangkok,missing_words_analyzed,chỉ viết hoa trong từ điển (tên riêng)
Root,baptiste,Mới - chưa có ảnh,1,a male given name,tên riêng Baptiste,baptiste,missing_words_analyzed,chỉ viết hoa trong từ điển (tên riêng)
Root,becker,Mới - chưa có ảnh,1,a surname,họ Becker,becker,missing_words_analyzed,chỉ viết hoa trong từ điển (tên riêng)
Root,belgium,Mới - chưa có ảnh,1,,,belgian,missing_words_analyzed,chỉ viết hoa trong từ điển (tên riêng)
Root,benjamin,Mới - chưa có ảnh,1,a male given name,tên riêng Benjamin,benjamin,missing_words_analyzed,chỉ viết hoa trong từ điển (tên riêng)
Root,berlin,Mới - chưa có ảnh,1,the capital city of Germany,"Berlin, thủ đô của Đức",berlin,missing_words_analyzed,chỉ viết hoa trong từ điển (tên riêng)
Root,bombay,Mới - chưa có ảnh,1,"the former name of Mumbai, the largest city in India","Bombay (tên cũ của thành phố Mumbai, Ấn Độ)",bombay,missing_words_analyzed,chỉ viết hoa trong từ điển (tên riêng)
Root,boston,Mới - chưa có ảnh,1,"the capital city of Massachusetts, in the United States",thành phố Boston (Mỹ),boston,missing_words_analyzed,chỉ viết hoa trong từ điển (tên riêng)
Root,brazil,Mới - chưa có ảnh,2,the largest country in South America,Brazil (Ba Tây),"brazil, brazilian",missing_words_analyzed,chỉ viết hoa trong từ điển (tên riêng)
Root,brett,Mới - chưa có ảnh,1,a male given name,tên riêng Brett,brett,missing_words_analyzed,chỉ viết hoa trong từ điển (tên riêng)
Root,brisbane,Mới - chưa có ảnh,1,the capital city of the Australian state of Queensland,thành phố Brisbane (Úc),brisbane,missing_words_analyzed,chỉ viết hoa trong từ điển (tên riêng)
Root,brunei,Mới - chưa có ảnh,1,a small country on the island of Borneo in Southeast Asia,Brunei (một quốc gia ở Đông Nam Á),brunei,missing_words_analyzed,chỉ viết hoa trong từ điển (tên riêng)
Root,brut,Mới - chưa có ảnh,1,,,brutal,missing_words_analyzed,chỉ viết hoa trong từ điển (tên riêng)
Root,bryce,Mới - chưa có ảnh,1,"a male given name; also 'Bryce Canyon', a national park in Utah, USA",tên riêng nam giới (Bryce); công viên Bryce Canyon (Mỹ),bryce,missing_words_analyzed,chỉ viết hoa trong từ điển (tên riêng)
Root,buchanan,Mới - chưa có ảnh,1,"a Scottish surname, notably that of James Buchanan, 15th President of the United States",Buchanan (họ người),buchanan,missing_words_analyzed,chỉ viết hoa trong từ điển (tên riêng)
Root,caesar,Mới - chưa có ảnh,1,"a title used by Roman emperors, often used generically for a powerful autocratic ruler","danh hiệu của các hoàng đế La Mã, dùng để chỉ chung một nhà cai trị chuyên quyền",caesar,missing_words_analyzed,chỉ viết hoa trong từ điển (tên riêng)
Root,california,Mới - chưa có ảnh,1,a state on the west coast of the United States,bang California (Hoa Kỳ),california,missing_words_analyzed,chỉ viết hoa trong từ điển (tên riêng)
Root,cambodia,Mới - chưa có ảnh,1,a country in Southeast Asia,"Campuchia, một quốc gia ở Đông Nam Á",cambodia,missing_words_analyzed,chỉ viết hoa trong từ điển (tên riêng)
Root,canada,Mới - chưa có ảnh,1,,,canadian,missing_words_analyzed,chỉ viết hoa trong từ điển (tên riêng)
Root,capt,Mới - chưa có ảnh,1,,,captive,missing_words_analyzed,chỉ viết hoa trong từ điển (tên riêng)
Root,carnegie,Mới - chưa có ảnh,1,"a surname, most notably of Andrew Carnegie, the Scottish-American industrialist and philanthropist","họ Carnegie (tên riêng, nổi tiếng với nhà công nghiệp Andrew Carnegie)",carnegie,missing_words_analyzed,chỉ viết hoa trong từ điển (tên riêng)
Root,ceo,Mới - chưa có ảnh,1,"chief executive officer, the person with the highest executive authority in a company",giám đốc điều hành (CEO),ceo,missing_words_analyzed,chỉ viết hoa trong từ điển (tên riêng)
Root,ceylon,Mới - chưa có ảnh,1,the former name of the island nation now called Sri Lanka,"Ceylon, tên gọi cũ của Sri Lanka",ceylon,missing_words_analyzed,chỉ viết hoa trong từ điển (tên riêng)
Root,charles,Mới - chưa có ảnh,1,a male given name,tên riêng (nam giới),charles,missing_words_analyzed,chỉ viết hoa trong từ điển (tên riêng)
Root,che,Mới - chưa có ảnh,1,"not a standard common English word; most often recognized as a nickname, notably that of the revolutionary Che Guevara",biệt danh (nổi tiếng nhất là của Che Guevara); không phải từ tiếng Anh thông dụng,che,missing_words_analyzed,chỉ viết hoa trong từ điển (tên riêng)
Root,chen,Mới - chưa có ảnh,1,a common Chinese and Vietnamese surname (Chen/Trần),"họ Trần/Chen, một họ phổ biến của người Hoa",chen,missing_words_analyzed,chỉ viết hoa trong từ điển (tên riêng)
Root,chicago,Mới - chưa có ảnh,1,a major city in the U.S. state of Illinois,Chicago (thành phố ở Mỹ),chicago,missing_words_analyzed,chỉ viết hoa trong từ điển (tên riêng)
Root,christ,Mới - chưa có ảnh,1,,,christmas,missing_words_analyzed,chỉ viết hoa trong từ điển (tên riêng)
Root,chung,Mới - chưa có ảnh,1,a surname of Korean or Chinese origin (not a common English word),một họ người (gốc Hàn/Trung),chung,missing_words_analyzed,chỉ viết hoa trong từ điển (tên riêng)
Root,cid,Mới - chưa có ảnh,1,,,recidivism,missing_words_analyzed,chỉ viết hoa trong từ điển (tên riêng)
Root,clarence,Mới - chưa có ảnh,1,a male given name,tên riêng nam giới (Clarence),clarence,missing_words_analyzed,chỉ viết hoa trong từ điển (tên riêng)
Root,claudius,Mới - chưa có ảnh,1,"a Roman emperor's name, also a well-known character (the murderous king) in Shakespeare's Hamlet","tên hoàng đế La Mã Claudius, cũng là nhân vật vua trong vở kịch Hamlet của Shakespeare",claudius,missing_words_analyzed,chỉ viết hoa trong từ điển (tên riêng)
Root,cline,Mới - chưa có ảnh,2,,,"incline, recline",missing_words_analyzed,chỉ viết hoa trong từ điển (tên riêng)
Root,cohen,Mới - chưa có ảnh,1,"a common Jewish surname, traditionally denoting descent from the priestly class","họ Cohen (tên riêng, gốc Do Thái)",cohen,missing_words_analyzed,chỉ viết hoa trong từ điển (tên riêng)
Root,colin,Mới - chưa có ảnh,1,a male given name,tên riêng Colin,colin,missing_words_analyzed,chỉ viết hoa trong từ điển (tên riêng)
Root,colombia,Mới - chưa có ảnh,1,a country in South America,"Colombia, một quốc gia ở Nam Mỹ",colombia,missing_words_analyzed,chỉ viết hoa trong từ điển (tên riêng)
Root,colorado,Mới - chưa có ảnh,1,a state located in the western United States,bang Colorado (Hoa Kỳ),colorado,missing_words_analyzed,chỉ viết hoa trong từ điển (tên riêng)
Root,columbia,Mới - chưa có ảnh,1,"a poetic or historical name for the United States, also the name of a river, university, and city in the US","Columbia, tên gọi thi ca/lịch sử của nước Mỹ; cũng là tên một dòng sông, trường đại học và thành phố ở Mỹ",columbia,missing_words_analyzed,chỉ viết hoa trong từ điển (tên riêng)
Root,com,Mới - chưa có ảnh,1,an abbreviation used as the top-level internet domain suffix denoting a commercial organization (.com),viết tắt của đuôi tên miền internet dành cho tổ chức thương mại (.com),com,missing_words_analyzed,chỉ viết hoa trong từ điển (tên riêng)
Root,cong,Mới - chưa có ảnh,1,an informal clipped term (often capitalized) referring to a member of the Viet Cong during the Vietnam War,cách gọi tắt (thường viết hoa) chỉ một thành viên Việt Cộng trong Chiến tranh Việt Nam,cong,missing_words_analyzed,chỉ viết hoa trong từ điển (tên riêng)
Root,cooke,Mới - chưa có ảnh,1,"an English surname, a variant spelling of ""Cook""","họ Cooke (tên riêng, họ người)",cooke,missing_words_analyzed,chỉ viết hoa trong từ điển (tên riêng)
Root,corinth,Mới - chưa có ảnh,1,an ancient and modern city in Greece,"Corinth, một thành phố cổ và hiện đại ở Hy Lạp",corinth,missing_words_analyzed,chỉ viết hoa trong từ điển (tên riêng)
Root,covid,Mới - chưa có ảnh,1,"short for ""coronavirus disease,"" an infectious respiratory disease caused by the SARS-CoV-2 virus",viết tắt của bệnh do vi-rút corona (COVID-19),covid,missing_words_analyzed,chỉ viết hoa trong từ điển (tên riêng)
Root,crete,Mới - chưa có ảnh,1,,,excrete,missing_words_analyzed,chỉ viết hoa trong từ điển (tên riêng)
Root,croatia,Mới - chưa có ảnh,1,a country in southeastern Europe on the Adriatic coast,Croatia (quốc gia ở Đông Nam Âu),croatia,missing_words_analyzed,chỉ viết hoa trong từ điển (tên riêng)
Root,cumberland,Mới - chưa có ảnh,1,a former county in northwest England,"Cumberland, một hạt cũ ở tây bắc nước Anh",cumberland,missing_words_analyzed,chỉ viết hoa trong từ điển (tên riêng)
Root,curitiba,Mới - chưa có ảnh,1,a city in southern Brazil,thành phố Curitiba (Brazil),curitiba,missing_words_analyzed,chỉ viết hoa trong từ điển (tên riêng)
Root,dali,Mới - chưa có ảnh,1,"the surname of Salvador Dalí, a famous Spanish surrealist painter","Dalí, họ của Salvador Dalí, họa sĩ siêu thực nổi tiếng người Tây Ban Nha",dali,missing_words_analyzed,chỉ viết hoa trong từ điển (tên riêng)
Root,daniel,Mới - chưa có ảnh,1,"a male given name, of Hebrew origin meaning ""God is my judge"".","tên riêng (nam), nghĩa là ""Chúa là thẩm phán của tôi"".",daniel,missing_words_analyzed,chỉ viết hoa trong từ điển (tên riêng)
Root,darwin,Mới - chưa có ảnh,1,"a surname, notably of Charles Darwin, the naturalist known for the theory of evolution; also a city in northern Australia",họ/tên riêng Darwin (nhà tự nhiên học nổi tiếng); cũng là tên một thành phố ở Úc,darwin,missing_words_analyzed,chỉ viết hoa trong từ điển (tên riêng)
Root,david,Mới - chưa có ảnh,1,a male given name,tên riêng (nam giới),david,missing_words_analyzed,chỉ viết hoa trong từ điển (tên riêng)
Root,ddt,Mới - chưa có ảnh,1,"a synthetic chemical insecticide, now banned in many countries because it persists and accumulates in the environment","DDT (thuốc trừ sâu hóa học, hiện bị cấm ở nhiều nước do gây ô nhiễm môi trường)",ddt,missing_words_analyzed,chỉ viết hoa trong từ điển (tên riêng)
Root,december,Mới - chưa có ảnh,1,the twelfth and final month of the year,tháng Mười Hai,december,missing_words_analyzed,chỉ viết hoa trong từ điển (tên riêng)
Root,dem,Mới - chưa có ảnh,4,a nonstandard or dialectal form of 'them',"biến thể phi chuẩn/phương ngữ của từ 'them' (họ, chúng nó)","dem, endemic, epidemic, pandemic",missing_words_analyzed,chỉ viết hoa trong từ điển (tên riêng)
Root,denmark,Mới - chưa có ảnh,1,a Scandinavian country in Northern Europe,"Đan Mạch, một quốc gia Bắc Âu",denmark,missing_words_analyzed,chỉ viết hoa trong từ điển (tên riêng)
Root,dhaka,Mới - chưa có ảnh,1,the capital and largest city of Bangladesh,Dhaka (thủ đô Bangladesh),dhaka,missing_words_analyzed,chỉ viết hoa trong từ điển (tên riêng)
Root,dickinson,Mới - chưa có ảnh,1,"a surname, notably that of the American poet Emily Dickinson","một họ (tên riêng), nổi tiếng gắn với nhà thơ Mỹ Emily Dickinson",dickinson,missing_words_analyzed,chỉ viết hoa trong từ điển (tên riêng)
Root,donald,Mới - chưa có ảnh,1,a male given name,tên riêng Donald,donald,missing_words_analyzed,chỉ viết hoa trong từ điển (tên riêng)
Root,doris,Mới - chưa có ảnh,1,a female given name,tên riêng nữ giới (Doris),doris,missing_words_analyzed,chỉ viết hoa trong từ điển (tên riêng)
Root,dow,Mới - chưa có ảnh,1,,,endowment,missing_words_analyzed,chỉ viết hoa trong từ điển (tên riêng)
Root,dunn,Mới - chưa có ảnh,1,an English and Irish surname,"họ Dunn (tên riêng, họ người)",dunn,missing_words_analyzed,chỉ viết hoa trong từ điển (tên riêng)
Root,ebola,Mới - chưa có ảnh,1,"a severe, often fatal viral disease that causes fever and internal bleeding",bệnh (virus) Ebola,ebola,missing_words_analyzed,chỉ viết hoa trong từ điển (tên riêng)
Root,eco,Mới - chưa có ảnh,1,(informal) concerned with or beneficial to the environment; ecological.,"(thân) thiện với môi trường, sinh thái.",eco,missing_words_analyzed,chỉ viết hoa trong từ điển (tên riêng)
Root,ecuador,Mới - chưa có ảnh,1,a country in South America,Ecuador (một quốc gia ở Nam Mỹ),ecuador,missing_words_analyzed,chỉ viết hoa trong từ điển (tên riêng)
Root,edward,Mới - chưa có ảnh,1,a male given name,tên riêng Edward,edward,missing_words_analyzed,chỉ viết hoa trong từ điển (tên riêng)
Root,egypt,Mới - chưa có ảnh,1,a country located in the northeastern corner of Africa,Ai Cập,egypt,missing_words_analyzed,chỉ viết hoa trong từ điển (tên riêng)
Root,einstein,Mới - chưa có ảnh,1,"the surname of physicist Albert Einstein; informally, a highly intelligent person",họ của nhà vật lý Albert Einstein; cách gọi thân mật chỉ người rất thông minh,einstein,missing_words_analyzed,chỉ viết hoa trong từ điển (tên riêng)
Root,eli,Mới - chưa có ảnh,1,a male given name,tên riêng (nam giới),eli,missing_words_analyzed,chỉ viết hoa trong từ điển (tên riêng)
Root,elinor,Mới - chưa có ảnh,1,a female given name (variant of Eleanor).,tên riêng nữ (biến thể của Eleanor),elinor,missing_words_analyzed,chỉ viết hoa trong từ điển (tên riêng)
Root,elisha,Mới - chưa có ảnh,1,a male given name; a biblical prophet.,tên riêng nam; một nhà tiên tri trong Kinh Thánh,elisha,missing_words_analyzed,chỉ viết hoa trong từ điển (tên riêng)
Root,elizabeth,Mới - chưa có ảnh,1,a female given name,tên riêng Elizabeth,elizabeth,missing_words_analyzed,chỉ viết hoa trong từ điển (tên riêng)
Root,elmer,Mới - chưa có ảnh,1,a male given name.,tên riêng nam,elmer,missing_words_analyzed,chỉ viết hoa trong từ điển (tên riêng)
Root,england,Mới - chưa có ảnh,1,"a country that is part of the United Kingdom, in western Europe.",nước Anh.,england,missing_words_analyzed,chỉ viết hoa trong từ điển (tên riêng)
Root,english,Mới - chưa có ảnh,1,the English language,tiếng Anh,english,missing_words_analyzed,chỉ viết hoa trong từ điển (tên riêng)
Root,eric,Mới - chưa có ảnh,1,a male given name.,tên riêng nam,eric,missing_words_analyzed,chỉ viết hoa trong từ điển (tên riêng)
Root,eskimo,Mới - chưa có ảnh,1,"a member of an indigenous people of northern Canada, Greenland, Alaska, and eastern Siberia (a term now often considered outdated in favor of ""Inuit"")","người Eskimo (một dân tộc bản địa vùng Bắc Cực; nay thường dùng ""Inuit"")",eskimo,missing_words_analyzed,chỉ viết hoa trong từ điển (tên riêng)
Root,esl,Mới - chưa có ảnh,1,"abbreviation for ""English as a Second Language""","viết tắt của ""tiếng Anh như ngôn ngữ thứ hai""",esl,missing_words_analyzed,chỉ viết hoa trong từ điển (tên riêng)
Root,ethiopia,Mới - chưa có ảnh,1,a country in East Africa.,nước Ethiopia (Ê-ti-ô-pi-a),ethiopia,missing_words_analyzed,chỉ viết hoa trong từ điển (tên riêng)
Root,evans,Mới - chưa có ảnh,1,"a common surname, especially of Welsh origin.",họ phổ biến (gốc xứ Wales),evans,missing_words_analyzed,chỉ viết hoa trong từ điển (tên riêng)
Root,eyre,Mới - chưa có ảnh,1,a circuit court held periodically in medieval England by traveling justices,"tòa án lưu động (thời trung cổ ở Anh, do thẩm phán đi tuần xét xử)",eyre,missing_words_analyzed,chỉ viết hoa trong từ điển (tên riêng)
Root,february,Mới - chưa có ảnh,1,the second month of the year.,tháng Hai,february,missing_words_analyzed,chỉ viết hoa trong từ điển (tên riêng)
Root,felipe,Mới - chưa có ảnh,1,a male given name (Spanish form of Philip),tên riêng nam giới (Felipe),felipe,missing_words_analyzed,chỉ viết hoa trong từ điển (tên riêng)
Root,feynman,Mới - chưa có ảnh,1,"a surname, notably of physicist Richard Feynman.",họ (nổi tiếng nhất là nhà vật lý Richard Feynman),feynman,missing_words_analyzed,chỉ viết hoa trong từ điển (tên riêng)
Root,finland,Mới - chưa có ảnh,1,a country in Northern Europe,Phần Lan,finland,missing_words_analyzed,chỉ viết hoa trong từ điển (tên riêng)
Root,finn,Mới - chưa có ảnh,1,,,finnish,missing_words_analyzed,chỉ viết hoa trong từ điển (tên riêng)
Root,fleming,Mới - chưa có ảnh,1,a native or inhabitant of Flanders.,người xứ Flanders,fleming,missing_words_analyzed,chỉ viết hoa trong từ điển (tên riêng)
Root,fran,Mới - chưa có ảnh,1,"a female given name, short for Frances.",tên riêng nữ (gọi tắt của Frances),fran,missing_words_analyzed,chỉ viết hoa trong từ điển (tên riêng)
Root,francisco,Mới - chưa có ảnh,1,a male given name; also part of the place name San Francisco.,tên riêng nam; cũng là một phần địa danh San Francisco,francisco,missing_words_analyzed,chỉ viết hoa trong từ điển (tên riêng)
Root,frenchman,Mới - chưa có ảnh,1,a man who is a native or citizen of France,người đàn ông Pháp,frenchman,missing_words_analyzed,chỉ viết hoa trong từ điển (tên riêng)
Root,galen,Mới - chưa có ảnh,1,"a male given name, notably an ancient Greek physician","tên riêng (nam giới), gắn với danh y Hy Lạp cổ đại",galen,missing_words_analyzed,chỉ viết hoa trong từ điển (tên riêng)
Root,gallup,Mới - chưa có ảnh,1,"a surname, notably associated with a well-known opinion-polling organization",họ người (gắn với tổ chức thăm dò ý kiến nổi tiếng),gallup,missing_words_analyzed,chỉ viết hoa trong từ điển (tên riêng)
Root,gentoo,Mới - chưa có ảnh,1,a species of penguin found on sub-Antarctic islands.,chim cánh cụt gentoo,gentoo,missing_words_analyzed,chỉ viết hoa trong từ điển (tên riêng)
Root,geo,Mới - chưa có ảnh,1,,,geologic,missing_words_analyzed,chỉ viết hoa trong từ điển (tên riêng)
Root,geoffrey,Mới - chưa có ảnh,1,a male given name.,tên riêng nam,geoffrey,missing_words_analyzed,chỉ viết hoa trong từ điển (tên riêng)
Root,george,Mới - chưa có ảnh,1,a male given name,tên riêng (nam giới),george,missing_words_analyzed,chỉ viết hoa trong từ điển (tên riêng)
Root,gerald,Mới - chưa có ảnh,1,a male given name,một tên riêng nam giới,gerald,missing_words_analyzed,chỉ viết hoa trong từ điển (tên riêng)
Root,german,Mới - chưa có ảnh,1,"of or relating to Germany, its people, or language",thuộc về nước Đức,german,missing_words_analyzed,chỉ viết hoa trong từ điển (tên riêng)
Root,gershwin,Mới - chưa có ảnh,1,"surname of George Gershwin, an American composer",họ của nhà soạn nhạc người Mỹ George Gershwin,gershwin,missing_words_analyzed,chỉ viết hoa trong từ điển (tên riêng)
Root,giovanni,Mới - chưa có ảnh,1,an Italian male given name.,tên riêng nam (Ý),giovanni,missing_words_analyzed,chỉ viết hoa trong từ điển (tên riêng)
Root,gps,Mới - chưa có ảnh,1,a satellite-based system used to determine the precise location of a receiver on earth,hệ thống định vị toàn cầu,gps,missing_words_analyzed,chỉ viết hoa trong từ điển (tên riêng)
Root,greece,Mới - chưa có ảnh,1,a country in southeastern Europe,Hy Lạp (một quốc gia ở Đông Nam Âu),greece,missing_words_analyzed,chỉ viết hoa trong từ điển (tên riêng)
Root,greg,Mới - chưa có ảnh,2,,,"aggregate, segregation",missing_words_analyzed,chỉ viết hoa trong từ điển (tên riêng)
Root,guatemala,Mới - chưa có ảnh,1,a country in Central America,Guatemala (một quốc gia ở Trung Mỹ),guatemala,missing_words_analyzed,chỉ viết hoa trong từ điển (tên riêng)
Root,haley,Mới - chưa có ảnh,1,a given name.,tên riêng,haley,missing_words_analyzed,chỉ viết hoa trong từ điển (tên riêng)
Root,hangul,Mới - chưa có ảnh,1,"the Korean alphabet, created in the 15th century","chữ Hangul, bảng chữ cái tiếng Hàn",hangul,missing_words_analyzed,chỉ viết hoa trong từ điển (tên riêng)
Root,hanoi,Mới - chưa có ảnh,1,the capital city of Vietnam,Hà Nội (thủ đô Việt Nam),hanoi,missing_words_analyzed,chỉ viết hoa trong từ điển (tên riêng)
Root,harding,Mới - chưa có ảnh,1,"a surname, e.g. of US President Warren Harding.",họ (ví dụ Tổng thống Mỹ Warren Harding),harding,missing_words_analyzed,chỉ viết hoa trong từ điển (tên riêng)
Root,harris,Mới - chưa có ảnh,1,a common English surname,Harris (tên họ người),harris,missing_words_analyzed,chỉ viết hoa trong từ điển (tên riêng)
Root,harvard,Mới - chưa có ảnh,1,"a prestigious American university located in Cambridge, Massachusetts.",Đại học Harvard,harvard,missing_words_analyzed,chỉ viết hoa trong từ điển (tên riêng)
Root,harvey,Mới - chưa có ảnh,1,a given name and surname.,tên riêng/họ,harvey,missing_words_analyzed,chỉ viết hoa trong từ điển (tên riêng)
Root,hawkins,Mới - chưa có ảnh,1,a surname,họ người,hawkins,missing_words_analyzed,chỉ viết hoa trong từ điển (tên riêng)
Root,heinrich,Mới - chưa có ảnh,1,a German male given name,tên riêng nam giới trong tiếng Đức,heinrich,missing_words_analyzed,chỉ viết hoa trong từ điển (tên riêng)
Root,hench,Mới - chưa có ảnh,1,(British informal slang) physically strong and muscular.,"(tiếng lóng Anh) vạm vỡ, cơ bắp",hench,missing_words_analyzed,chỉ viết hoa trong từ điển (tên riêng)
Root,henry,Mới - chưa có ảnh,1,a male given name; also a unit of electrical inductance,tên riêng nam giới (Henry); cũng là đơn vị đo độ tự cảm điện,henry,missing_words_analyzed,chỉ viết hoa trong từ điển (tên riêng)
Root,hera,Mới - chưa có ảnh,1,"in Greek mythology, the goddess of marriage and family, queen of the gods.",nữ thần Hera trong thần thoại Hy Lạp,hera,missing_words_analyzed,chỉ viết hoa trong từ điển (tên riêng)
Root,hillary,Mới - chưa có ảnh,1,an English female given name; also a surname,tên riêng nữ giới (tiếng Anh); cũng là họ,hillary,missing_words_analyzed,chỉ viết hoa trong từ điển (tên riêng)
Root,himalaya,Mới - chưa có ảnh,1,a mountain range in Asia separating the Indian subcontinent from the Tibetan Plateau,dãy núi Himalaya,himalaya,missing_words_analyzed,chỉ viết hoa trong từ điển (tên riêng)
Root,hippocrates,Mới - chưa có ảnh,1,an ancient Greek physician regarded as the father of medicine,"Hippocrates (danh y Hy Lạp cổ đại, ông tổ ngành y)",hippocrates,missing_words_analyzed,chỉ viết hoa trong từ điển (tên riêng)
Root,hollywood,Mới - chưa có ảnh,1,a district of Los Angeles regarded as the center of the American film industry.,"Hollywood, trung tâm điện ảnh Mỹ",hollywood,missing_words_analyzed,chỉ viết hoa trong từ điển (tên riêng)
Root,holocene,Mới - chưa có ảnh,1,"the current geological epoch, beginning about 11,700 years ago after the last ice age",thế Holocen (kỷ địa chất hiện tại),holocene,missing_words_analyzed,chỉ viết hoa trong từ điển (tên riêng)
Root,hong,Mới - chưa có ảnh,1,"a Chinese surname, also used as part of place names such as Hong Kong",Hồng (tên họ/địa danh Trung Quốc),hong,missing_words_analyzed,chỉ viết hoa trong từ điển (tên riêng)
Root,horace,Mới - chưa có ảnh,1,"a male given name, notably a Roman poet","tên riêng (nam giới), gắn với nhà thơ La Mã cổ đại",horace,missing_words_analyzed,chỉ viết hoa trong từ điển (tên riêng)
Root,howell,Mới - chưa có ảnh,1,a surname of Welsh origin (also a place name); not a common English word,họ hoặc tên riêng gốc Wales (cũng là tên địa danh); không phải từ tiếng Anh thông dụng,howell,missing_words_analyzed,chỉ viết hoa trong từ điển (tên riêng)
Root,huang,Mới - chưa có ảnh,1,a common Chinese surname,Hoàng (họ người Trung Quốc),huang,missing_words_analyzed,chỉ viết hoa trong từ điển (tên riêng)
Root,hyundai,Mới - chưa có ảnh,1,a South Korean multinational automobile manufacturer,hãng ô tô đa quốc gia của Hàn Quốc,hyundai,missing_words_analyzed,chỉ viết hoa trong từ điển (tên riêng)
Root,ibm,Mới - chưa có ảnh,1,an American multinational technology corporation (International Business Machines),tập đoàn công nghệ đa quốc gia của Mỹ (International Business Machines),ibm,missing_words_analyzed,chỉ viết hoa trong từ điển (tên riêng)
Root,illinois,Mới - chưa có ảnh,1,a state in the midwestern United States,một bang ở vùng Trung Tây Hoa Kỳ,illinois,missing_words_analyzed,chỉ viết hoa trong từ điển (tên riêng)
Root,india,Mới - chưa có ảnh,1,"a country in South Asia, the most populous country in the world.",Ấn Độ.,india,missing_words_analyzed,chỉ viết hoa trong từ điển (tên riêng)
Root,indonesia,Mới - chưa có ảnh,1,,,indonesian,missing_words_analyzed,chỉ viết hoa trong từ điển (tên riêng)
Root,instagram,Mới - chưa có ảnh,1,a social media app for sharing photos and videos,ứng dụng mạng xã hội chia sẻ ảnh và video,instagram,missing_words_analyzed,chỉ viết hoa trong từ điển (tên riêng)
Root,iphone,Mới - chưa có ảnh,1,"a brand of smartphone made by Apple Inc.; a proper noun/trademark, not a generic English word","điện thoại thông minh nhãn hiệu iPhone của Apple; đây là tên thương hiệu, không phải từ chung",iphone,missing_words_analyzed,chỉ viết hoa trong từ điển (tên riêng)
Root,iran,Mới - chưa có ảnh,1,"a country in Western Asia, officially the Islamic Republic of Iran","Iran, một quốc gia ở Tây Á",iran,missing_words_analyzed,chỉ viết hoa trong từ điển (tên riêng)
Root,irving,Mới - chưa có ảnh,1,a given name or surname,Irving (tên riêng),irving,missing_words_analyzed,chỉ viết hoa trong từ điển (tên riêng)
Root,israel,Mới - chưa có ảnh,1,a country in the Middle East on the eastern coast of the Mediterranean Sea,Israel (quốc gia),israel,missing_words_analyzed,chỉ viết hoa trong từ điển (tên riêng)
Root,italy,Mới - chưa có ảnh,2,A country in southern Europe.,Nước Ý.,"italian, italy",missing_words_analyzed,chỉ viết hoa trong từ điển (tên riêng)
Root,jacob,Mới - chưa có ảnh,1,a male given name (biblical); not a common English word,tên riêng nam giới (gốc Kinh Thánh); không phải từ tiếng Anh thông dụng,jacob,missing_words_analyzed,chỉ viết hoa trong từ điển (tên riêng)
Root,jakarta,Mới - chưa có ảnh,1,the capital and largest city of Indonesia,Jakarta (thủ đô Indonesia),jakarta,missing_words_analyzed,chỉ viết hoa trong từ điển (tên riêng)
Root,jane,Mới - chưa có ảnh,1,a common female given name,một tên riêng nữ giới phổ biến,jane,missing_words_analyzed,chỉ viết hoa trong từ điển (tên riêng)
Root,janine,Mới - chưa có ảnh,1,a female given name; not a common English word,tên riêng nữ giới; không phải từ tiếng Anh thông dụng,janine,missing_words_analyzed,chỉ viết hoa trong từ điển (tên riêng)
Root,java,Mới - chưa có ảnh,1,informal term for coffee; also the name of a widely used programming language,cà phê (cách nói thân mật); cũng là tên một ngôn ngữ lập trình phổ biến,java,missing_words_analyzed,chỉ viết hoa trong từ điển (tên riêng)
Root,jean,Mới - chưa có ảnh,1,"a sturdy cotton twill fabric (denim), or, usually in the plural, trousers made from this fabric",vải bò (denim); (thường số nhiều) quần jean,jean,missing_words_analyzed,chỉ viết hoa trong từ điển (tên riêng)
Root,jeff,Mới - chưa có ảnh,1,"a male given name, short for Jeffrey; not a common English word","tên riêng nam giới, dạng gọi tắt của Jeffrey; không phải từ tiếng Anh thông dụng",jeff,missing_words_analyzed,chỉ viết hoa trong từ điển (tên riêng)
Root,jeffrey,Mới - chưa có ảnh,1,a male given name; not a common English word,tên riêng nam giới; không phải từ tiếng Anh thông dụng,jeffrey,missing_words_analyzed,chỉ viết hoa trong từ điển (tên riêng)
Root,jew,Mới - chưa có ảnh,1,,,jewish,missing_words_analyzed,chỉ viết hoa trong từ điển (tên riêng)
Root,joan,Mới - chưa có ảnh,1,a female given name,Joan (tên riêng nữ),joan,missing_words_analyzed,chỉ viết hoa trong từ điển (tên riêng)
Root,johnson,Mới - chưa có ảnh,1,a common English surname; not a common English word,họ phổ biến trong tiếng Anh; không phải từ tiếng Anh thông dụng,johnson,missing_words_analyzed,chỉ viết hoa trong từ điển (tên riêng)
Root,jonathan,Mới - chưa có ảnh,1,an English male given name,tên riêng nam giới (tiếng Anh),jonathan,missing_words_analyzed,chỉ viết hoa trong từ điển (tên riêng)
Root,josiah,Mới - chưa có ảnh,1,a male given name,Josiah (tên riêng nam),josiah,missing_words_analyzed,chỉ viết hoa trong từ điển (tên riêng)
Root,july,Mới - chưa có ảnh,1,the seventh month of the year,tháng bảy,july,missing_words_analyzed,chỉ viết hoa trong từ điển (tên riêng)
Root,katrina,Mới - chưa có ảnh,1,a female given name (notably Hurricane Katrina); not a common English word,tên riêng nữ giới (nổi tiếng qua cơn bão Katrina); không phải từ tiếng Anh thông dụng,katrina,missing_words_analyzed,chỉ viết hoa trong từ điển (tên riêng)
Root,kauai,Mới - chưa có ảnh,1,"an island in Hawaii; a proper noun, not a common English word","một hòn đảo thuộc Hawaii; là danh từ riêng, không phải từ tiếng Anh thông dụng",kauai,missing_words_analyzed,chỉ viết hoa trong từ điển (tên riêng)
Root,kent,Mới - chưa có ảnh,1,"a county in England; also a male given name; a proper noun, not a common English word","hạt Kent ở Anh; cũng là tên riêng nam giới; là danh từ riêng, không phải từ tiếng Anh thông dụng",kent,missing_words_analyzed,chỉ viết hoa trong từ điển (tên riêng)
Root,kenya,Mới - chưa có ảnh,1,a country in East Africa,Kenya (quốc gia Đông Phi),kenya,missing_words_analyzed,chỉ viết hoa trong từ điển (tên riêng)
Root,kong,Mới - chưa có ảnh,1,"part of the place name 'Hong Kong', a city and special administrative region of China",một phần trong tên địa danh 'Hong Kong',kong,missing_words_analyzed,chỉ viết hoa trong từ điển (tên riêng)
Root,korea,Mới - chưa có ảnh,2,"a region and former country in East Asia, now divided into North and South Korea","Triều Tiên/Hàn Quốc, một khu vực/quốc gia ở Đông Á","korea, korean",missing_words_analyzed,chỉ viết hoa trong từ điển (tên riêng)
Root,kramer,Mới - chưa có ảnh,1,"a surname of German/Dutch origin, meaning 'shopkeeper'","họ có nguồn gốc Đức/Hà Lan, nghĩa là 'chủ cửa hàng'",kramer,missing_words_analyzed,chỉ viết hoa trong từ điển (tên riêng)
Root,kyoto,Mới - chưa có ảnh,1,"a city in Japan, formerly its capital, known for temples and traditional culture",Kyoto (thành phố Nhật Bản),kyoto,missing_words_analyzed,chỉ viết hoa trong từ điển (tên riêng)
Root,lagos,Mới - chưa có ảnh,1,"the largest city in Nigeria, a former capital","Lagos, thành phố lớn nhất Nigeria, cựu thủ đô",lagos,missing_words_analyzed,chỉ viết hoa trong từ điển (tên riêng)
Root,lana,Mới - chưa có ảnh,1,a female given name,tên riêng nữ giới (Lana),lana,missing_words_analyzed,chỉ viết hoa trong từ điển (tên riêng)
Root,lang,Mới - chưa có ảnh,1,"a surname (for example, film director Fritz Lang)","một họ (tên riêng), ví dụ đạo diễn Fritz Lang",lang,missing_words_analyzed,chỉ viết hoa trong từ điển (tên riêng)
Root,lanka,Mới - chưa có ảnh,1,"part of the name Sri Lanka, a country in South Asia","Lanka (một phần tên nước Sri Lanka, quốc gia Nam Á)",lanka,missing_words_analyzed,chỉ viết hoa trong từ điển (tên riêng)
Root,lars,Mới - chưa có ảnh,1,"a male given name, common in Scandinavia; not a common English word","tên riêng nam giới, phổ biến ở Scandinavia; không phải từ tiếng Anh thông dụng",lars,missing_words_analyzed,chỉ viết hoa trong từ điển (tên riêng)
Root,latin,Mới - chưa có ảnh,1,the classical language of ancient Rome,tiếng Latinh,latin,missing_words_analyzed,chỉ viết hoa trong từ điển (tên riêng)
Root,leiden,Mới - chưa có ảnh,1,"a city in the Netherlands; a proper noun, not a common English word","một thành phố ở Hà Lan; là danh từ riêng, không phải từ tiếng Anh thông dụng",leiden,missing_words_analyzed,chỉ viết hoa trong từ điển (tên riêng)
Root,lena,Mới - chưa có ảnh,1,a female given name; also a major river in Russia,tên riêng nữ giới; cũng là tên sông Lena ở Nga,lena,missing_words_analyzed,chỉ viết hoa trong từ điển (tên riêng)
Root,leonardo,Mới - chưa có ảnh,1,"a male given name, notably associated with Leonardo da Vinci","một tên riêng nam giới, nổi tiếng gắn với Leonardo da Vinci",leonardo,missing_words_analyzed,chỉ viết hoa trong từ điển (tên riêng)
Root,librium,Mới - chưa có ảnh,1,,,equilibrium,missing_words_analyzed,chỉ viết hoa trong từ điển (tên riêng)
Root,lima,Mới - chưa có ảnh,1,the capital city of Peru; also a small flat bean,"Lima, thủ đô Peru; hoặc đậu lima",lima,missing_words_analyzed,chỉ viết hoa trong từ điển (tên riêng)
Root,lionel,Mới - chưa có ảnh,1,a male given name; not a common English word,tên riêng nam giới; không phải từ tiếng Anh thông dụng,lionel,missing_words_analyzed,chỉ viết hoa trong từ điển (tên riêng)
Root,lisbon,Mới - chưa có ảnh,1,the capital and largest city of Portugal,"Lisbon, thủ đô Bồ Đào Nha",lisbon,missing_words_analyzed,chỉ viết hoa trong từ điển (tên riêng)
Root,lois,Mới - chưa có ảnh,1,a female given name; not a common English word,tên riêng nữ giới; không phải từ tiếng Anh thông dụng,lois,missing_words_analyzed,chỉ viết hoa trong từ điển (tên riêng)
Root,louvre,Mới - chưa có ảnh,1,"a famous art museum in Paris, France","bảo tàng nghệ thuật nổi tiếng ở Paris, Pháp",louvre,missing_words_analyzed,chỉ viết hoa trong từ điển (tên riêng)
Root,lucas,Mới - chưa có ảnh,1,an English male given name; also a surname,tên riêng nam giới (tiếng Anh); cũng là họ,lucas,missing_words_analyzed,chỉ viết hoa trong từ điển (tên riêng)
Root,madison,Mới - chưa có ảnh,1,"a given name and place name (e.g., a U.S. city)",tên riêng/tên địa danh (ví dụ thành phố ở Mỹ),madison,missing_words_analyzed,chỉ viết hoa trong từ điển (tên riêng)
Root,mafia,Mới - chưa có ảnh,1,"an organized international criminal network, or a group with excessive or hidden influence","mafia, tổ chức tội phạm có tổ chức",mafia,missing_words_analyzed,chỉ viết hoa trong từ điển (tên riêng)
Root,mai,Mới - chưa có ảnh,1,"a given name, common in Vietnamese and some other cultures","một tên riêng, phổ biến trong tiếng Việt và một số nền văn hóa khác",mai,missing_words_analyzed,chỉ viết hoa trong từ điển (tên riêng)
Root,maine,Mới - chưa có ảnh,1,"a state in the northeastern United States; a proper noun, not a common English word","một bang ở đông bắc nước Mỹ; là danh từ riêng, không phải từ tiếng Anh thông dụng",maine,missing_words_analyzed,chỉ viết hoa trong từ điển (tên riêng)
Root,malay,Mới - chưa có ảnh,1,"relating to the Malay people, language, or culture of Southeast Asia","thuộc về người Mã Lai, tiếng Mã Lai hoặc văn hóa Mã Lai",malay,missing_words_analyzed,chỉ viết hoa trong từ điển (tên riêng)
Root,manhattan,Mới - chưa có ảnh,1,a borough of New York City; also a cocktail made with whiskey and vermouth; primarily a proper noun,một quận của thành phố New York; cũng là tên một loại cocktail (whisky và vermouth); chủ yếu là danh từ riêng,manhattan,missing_words_analyzed,chỉ viết hoa trong từ điển (tên riêng)
Root,mao,Mới - chưa có ảnh,1,"a monetary unit of China, equal to one tenth of a yuan (also called jiao)","đơn vị tiền tệ Trung Quốc, bằng một phần mười đồng nhân dân tệ (còn gọi là giác)",mao,missing_words_analyzed,chỉ viết hoa trong từ điển (tên riêng)
Root,mara,Mới - chưa có ảnh,1,a female given name; not a common English word,tên riêng nữ giới; không phải từ tiếng Anh thông dụng,mara,missing_words_analyzed,chỉ viết hoa trong từ điển (tên riêng)
Root,marc,Mới - chưa có ảnh,1,"a male given name; also the residue of grapes after pressing, or a brandy made from it; primarily a proper noun in common use","tên riêng nam giới; (nghĩa khác, hiếm) bã nho sau khi ép, hoặc rượu mạnh làm từ bã nho",marc,missing_words_analyzed,chỉ viết hoa trong từ điển (tên riêng)
Root,marco,Mới - chưa có ảnh,1,a male given name; not a common English word,tên riêng nam giới; không phải từ tiếng Anh thông dụng,marco,missing_words_analyzed,chỉ viết hoa trong từ điển (tên riêng)
Root,marcus,Mới - chưa có ảnh,1,a male given name; not a common English word,tên riêng nam giới; không phải từ tiếng Anh thông dụng,marcus,missing_words_analyzed,chỉ viết hoa trong từ điển (tên riêng)
Root,marie,Mới - chưa có ảnh,1,"a common feminine given name, the French form of Mary","tên riêng nữ giới, dạng tiếng Pháp của tên Mary",marie,missing_words_analyzed,chỉ viết hoa trong từ điển (tên riêng)
Root,marrakesh,Mới - chưa có ảnh,1,"a city in western Morocco, formerly an imperial capital","thành phố Marrakesh, miền tây Ma-rốc",marrakesh,missing_words_analyzed,chỉ viết hoa trong từ điển (tên riêng)
Root,marshall,Mới - chưa có ảnh,1,an English surname (also spelled 'marshal' as a military/law-enforcement rank); primarily a proper noun,họ trong tiếng Anh (cũng là biến thể chính tả của 'marshal' - cấp bậc quân sự/chấp pháp); chủ yếu là danh từ riêng,marshall,missing_words_analyzed,chỉ viết hoa trong từ điển (tên riêng)
Root,marvin,Mới - chưa có ảnh,1,a male given name,Marvin (tên riêng),marvin,missing_words_analyzed,chỉ viết hoa trong từ điển (tên riêng)
Root,mary,Mới - chưa có ảnh,1,"a common feminine given name; in Christian tradition, the mother of Jesus","tên riêng nữ giới; trong Kitô giáo, tên của Đức Mẹ Maria",mary,missing_words_analyzed,chỉ viết hoa trong từ điển (tên riêng)
Root,mcdonnell,Mới - chưa có ảnh,1,an Irish/Scottish surname; not a common English word,họ gốc Ireland/Scotland; không phải từ tiếng Anh thông dụng,mcdonnell,missing_words_analyzed,chỉ viết hoa trong từ điển (tên riêng)
Root,medina,Mới - chưa có ảnh,1,"the old, walled part of a North African city",khu phố cổ (thành cổ) có tường bao ở một thành phố Bắc Phi,medina,missing_words_analyzed,chỉ viết hoa trong từ điển (tên riêng)
Root,melbourne,Mới - chưa có ảnh,1,"a city in Australia; a proper noun, not a common English word","một thành phố ở Úc; là danh từ riêng, không phải từ tiếng Anh thông dụng",melbourne,missing_words_analyzed,chỉ viết hoa trong từ điển (tên riêng)
Root,mellon,Mới - chưa có ảnh,1,a surname,Mellon (họ người),mellon,missing_words_analyzed,chỉ viết hoa trong từ điển (tên riêng)
Root,mendelssohn,Mới - chưa có ảnh,1,"the surname of Felix Mendelssohn, a 19th-century German composer","họ Mendelssohn (Felix Mendelssohn, nhà soạn nhạc Đức thế kỷ 19)",mendelssohn,missing_words_analyzed,chỉ viết hoa trong từ điển (tên riêng)
Root,miami,Mới - chưa có ảnh,1,"a city in southeastern Florida, United States","thành phố Miami, bang Florida, Hoa Kỳ",miami,missing_words_analyzed,chỉ viết hoa trong từ điển (tên riêng)
Root,michigan,Mới - chưa có ảnh,1,a state in the midwestern United States,Michigan (bang của Mỹ),michigan,missing_words_analyzed,chỉ viết hoa trong từ điển (tên riêng)
Root,milwaukee,Mới - chưa có ảnh,1,"a city in Wisconsin, USA; a proper noun, not a common English word","một thành phố ở bang Wisconsin, Mỹ; là danh từ riêng, không phải từ tiếng Anh thông dụng",milwaukee,missing_words_analyzed,chỉ viết hoa trong từ điển (tên riêng)
Root,minnesota,Mới - chưa có ảnh,1,a state in the midwestern United States,Minnesota (bang của Mỹ),minnesota,missing_words_analyzed,chỉ viết hoa trong từ điển (tên riêng)
Root,mir,Mới - chưa có ảnh,1,,,admiration,missing_words_analyzed,chỉ viết hoa trong từ điển (tên riêng)
Root,missouri,Mới - chưa có ảnh,1,"a state in the central United States; a proper noun, not a common English word","một bang ở miền trung nước Mỹ; là danh từ riêng, không phải từ tiếng Anh thông dụng",missouri,missing_words_analyzed,chỉ viết hoa trong từ điển (tên riêng)
Root,mit,Mới - chưa có ảnh,5,"an abbreviation for the Massachusetts Institute of Technology, a prestigious research university in the United States",viết tắt của Học viện Công nghệ Massachusetts (Mỹ),"admission, emission, emit, mit, remit",missing_words_analyzed,chỉ viết hoa trong từ điển (tên riêng)
Root,mitterrand,Mới - chưa có ảnh,1,"a French surname, notably François Mitterrand, former President of France; not a common English word","họ tiếng Pháp, nổi tiếng qua François Mitterrand - cựu Tổng thống Pháp; không phải từ tiếng Anh thông dụng",mitterrand,missing_words_analyzed,chỉ viết hoa trong từ điển (tên riêng)
Root,monet,Mới - chưa có ảnh,1,,,monetary,missing_words_analyzed,chỉ viết hoa trong từ điển (tên riêng)
Root,mort,Mới - chưa có ảnh,1,,,mortality,missing_words_analyzed,chỉ viết hoa trong từ điển (tên riêng)
Root,mtv,Mới - chưa có ảnh,1,"abbreviation for Music Television, a cable channel known for broadcasting music videos",MTV (kênh truyền hình âm nhạc),mtv,missing_words_analyzed,chỉ viết hoa trong từ điển (tên riêng)
Root,muir,Mới - chưa có ảnh,1,a Scots dialect word meaning moor or open uncultivated land (also a common surname),"đất hoang, đất trống (phương ngữ Scotland); cũng là họ người",muir,missing_words_analyzed,chỉ viết hoa trong từ điển (tên riêng)
Root,mumbai,Mới - chưa có ảnh,1,a major city on the west coast of India (formerly Bombay),Mumbai (thành phố ở Ấn Độ),mumbai,missing_words_analyzed,chỉ viết hoa trong từ điển (tên riêng)
Root,munich,Mới - chưa có ảnh,1,"a city in southern Germany, capital of Bavaria",Munich (thành phố Đức),munich,missing_words_analyzed,chỉ viết hoa trong từ điển (tên riêng)
Root,muslim,Mới - chưa có ảnh,1,a follower of the religion of Islam,người theo đạo Hồi,muslim,missing_words_analyzed,chỉ viết hoa trong từ điển (tên riêng)
Root,nam,Mới - chưa có ảnh,1,"a given name, or an informal short form referring to Vietnam","một tên riêng, hoặc cách gọi tắt thân mật của Việt Nam",nam,missing_words_analyzed,chỉ viết hoa trong từ điển (tên riêng)
Root,nan,Mới - chưa có ảnh,1,"a type of soft, leavened flatbread, especially associated with South Asian cuisine",bánh nan (bánh mì dẹt Nam Á),nan,missing_words_analyzed,chỉ viết hoa trong từ điển (tên riêng)
Root,napa,Mới - chưa có ảnh,1,a type of Chinese cabbage; also a valley region in California known for wine,cải thảo (napa); thung lũng Napa (California),napa,missing_words_analyzed,chỉ viết hoa trong từ điển (tên riêng)
Root,nathaniel,Mới - chưa có ảnh,1,a male given name,Nathaniel (tên riêng),nathaniel,missing_words_analyzed,chỉ viết hoa trong từ điển (tên riêng)
Root,nazi,Mới - chưa có ảnh,1,a member of the National Socialist German Workers' Party led by Hitler,"Đức Quốc xã, phát xít Đức",nazi,missing_words_analyzed,chỉ viết hoa trong từ điển (tên riêng)
Root,ned,Mới - chưa có ảnh,1,"(British slang) a rowdy, delinquent young person","(tiếng lóng Anh) thanh niên càn quấy, hư hỏng",ned,missing_words_analyzed,chỉ viết hoa trong từ điển (tên riêng)
Root,neo,Mới - chưa có ảnh,1,"New or revived, used especially as a combining form (e.g. neo-classical).","Mới, tân (thường dùng làm tiền tố ghép, ví dụ neo-classical).",neo,missing_words_analyzed,chỉ viết hoa trong từ điển (tên riêng)
Root,nepal,Mới - chưa có ảnh,1,,,nepalese,missing_words_analyzed,chỉ viết hoa trong từ điển (tên riêng)
Root,netflix,Mới - chưa có ảnh,1,an American streaming media and video-on-demand company,Netflix (thương hiệu),netflix,missing_words_analyzed,chỉ viết hoa trong từ điển (tên riêng)
Root,newfoundland,Mới - chưa có ảnh,1,"a Canadian province, or a large breed of dog originating there","Newfoundland (tỉnh của Canada, hoặc giống chó cùng tên)",newfoundland,missing_words_analyzed,chỉ viết hoa trong từ điển (tên riêng)
Root,nike,Mới - chưa có ảnh,1,"an American sportswear brand, or the Greek goddess of victory",Nike (thương hiệu/nữ thần chiến thắng),nike,missing_words_analyzed,chỉ viết hoa trong từ điển (tên riêng)
Root,norfolk,Mới - chưa có ảnh,1,a county in eastern England,Norfolk (hạt ở Anh),norfolk,missing_words_analyzed,chỉ viết hoa trong từ điển (tên riêng)
Root,norway,Mới - chưa có ảnh,1,a country in northern Europe,Na Uy (một quốc gia ở Bắc Âu),norway,missing_words_analyzed,chỉ viết hoa trong từ điển (tên riêng)
Root,nov,Mới - chưa có ảnh,4,,,"innovate, innovative, innovator, renovate",missing_words_analyzed,chỉ viết hoa trong từ điển (tên riêng)
Root,november,Mới - chưa có ảnh,1,the eleventh month of the year,tháng Mười Một,november,missing_words_analyzed,chỉ viết hoa trong từ điển (tên riêng)
Root,oliver,Mới - chưa có ảnh,1,a male given name,tên riêng (nam giới),oliver,missing_words_analyzed,chỉ viết hoa trong từ điển (tên riêng)
Root,olympia,Mới - chưa có ảnh,1,"an ancient Greek site, and a place name (e.g., a U.S. city)",Olympia (địa danh Hy Lạp cổ đại/tên thành phố),olympia,missing_words_analyzed,chỉ viết hoa trong từ điển (tên riêng)
Root,olympics,Mới - chưa có ảnh,1,"an international sporting event held every four years, featuring competitors from many countries.",Thế vận hội Olympic.,olympics,missing_words_analyzed,chỉ viết hoa trong từ điển (tên riêng)
Root,oman,Mới - chưa có ảnh,1,a country on the Arabian Peninsula,Oman (quốc gia),oman,missing_words_analyzed,chỉ viết hoa trong từ điển (tên riêng)
Root,palestine,Mới - chưa có ảnh,1,a region and territory in the Middle East,Palestine (vùng lãnh thổ ở Trung Đông),palestine,missing_words_analyzed,chỉ viết hoa trong từ điển (tên riêng)
Root,panama,Mới - chưa có ảnh,1,a lightweight hat made of plaited straw-like leaves; also a country in Central America,"mũ panama; (viết hoa) Panama, quốc gia ở Trung Mỹ",panama,missing_words_analyzed,chỉ viết hoa trong từ điển (tên riêng)
Root,parkinson,Mới - chưa có ảnh,1,"a chronic, progressive nervous disorder marked by tremor and muscular rigidity (Parkinson's disease)",bệnh Parkinson,parkinson,missing_words_analyzed,chỉ viết hoa trong từ điển (tên riêng)
Root,pasteur,Mới - chưa có ảnh,1,"referring to Louis Pasteur, the French chemist and microbiologist, or things named after him",Pasteur (tên nhà khoa học Pháp),pasteur,missing_words_analyzed,chỉ viết hoa trong từ điển (tên riêng)
Root,pdf,Mới - chưa có ảnh,1,"abbreviation for Portable Document Format, a file format for documents",tệp/định dạng PDF,pdf,missing_words_analyzed,chỉ viết hoa trong từ điển (tên riêng)
Root,persepolis,Mới - chưa có ảnh,1,an ancient city that was the ceremonial capital of the Achaemenid Persian Empire,"Persepolis, kinh đô lễ nghi của Đế chế Ba Tư cổ đại",persepolis,missing_words_analyzed,chỉ viết hoa trong từ điển (tên riêng)
Root,phil,Mới - chưa có ảnh,1,an informal short form of the male given name Philip,tên riêng (dạng ngắn của Philip),phil,missing_words_analyzed,chỉ viết hoa trong từ điển (tên riêng)
Root,philippe,Mới - chưa có ảnh,1,"a male given name, the French form of Philip",tên riêng nam giới (dạng tiếng Pháp của Philip),philippe,missing_words_analyzed,chỉ viết hoa trong từ điển (tên riêng)
Root,piaget,Mới - chưa có ảnh,1,"a surname; notably that of Jean Piaget, a Swiss psychologist known for his theory of cognitive development.","họ (tên riêng); tiêu biểu là Jean Piaget, nhà tâm lý học Thụy Sĩ.",piaget,missing_words_analyzed,chỉ viết hoa trong từ điển (tên riêng)
Root,pict,Mới - chưa có ảnh,1,,,depict,missing_words_analyzed,chỉ viết hoa trong từ điển (tên riêng)
Root,plato,Mới - chưa có ảnh,1,"an ancient Greek philosopher, student of Socrates",Plato (triết gia Hy Lạp cổ đại),plato,missing_words_analyzed,chỉ viết hoa trong từ điển (tên riêng)
Root,pliny,Mới - chưa có ảnh,1,"referring to Pliny the Elder or Pliny the Younger, ancient Roman writers",Pliny (tên nhà văn La Mã cổ đại),pliny,missing_words_analyzed,chỉ viết hoa trong từ điển (tên riêng)
Root,poland,Mới - chưa có ảnh,1,a country in Central Europe,Ba Lan (quốc gia ở Trung Âu),poland,missing_words_analyzed,chỉ viết hoa trong từ điển (tên riêng)
Root,portugal,Mới - chưa có ảnh,1,a country in southwestern Europe,Bồ Đào Nha,portugal,missing_words_analyzed,chỉ viết hoa trong từ điển (tên riêng)
Root,procter,Mới - chưa có ảnh,1,"a surname (as in the company Procter & Gamble); a variant of 'proctor', an official who supervises",tên riêng (Procter); biến thể của 'proctor' (giám thị),procter,missing_words_analyzed,chỉ viết hoa trong từ điển (tên riêng)
Root,puerto,Mới - chưa có ảnh,1,"Spanish word for 'port', occurring as part of place names such as Puerto Rico","cảng (tiếng Tây Ban Nha), xuất hiện trong tên địa danh như Puerto Rico",puerto,missing_words_analyzed,chỉ viết hoa trong từ điển (tên riêng)
Root,queensland,Mới - chưa có ảnh,1,a state in northeastern Australia,bang Queensland (Úc),queensland,missing_words_analyzed,chỉ viết hoa trong từ điển (tên riêng)
Root,quinn,Mới - chưa có ảnh,1,"a personal name of Irish origin, used as a first or last name","một tên riêng có nguồn gốc Ireland, dùng làm tên hoặc họ",quinn,missing_words_analyzed,chỉ viết hoa trong từ điển (tên riêng)
Root,ralph,Mới - chưa có ảnh,1,a male personal name of English/Germanic origin,một tên riêng nam giới có nguồn gốc Anh/Đức,ralph,missing_words_analyzed,chỉ viết hoa trong từ điển (tên riêng)
Root,renee,Mới - chưa có ảnh,1,"a female personal name of French origin meaning ""reborn""","tên riêng nữ giới gốc Pháp, nghĩa là ""tái sinh""",renee,missing_words_analyzed,chỉ viết hoa trong từ điển (tên riêng)
Root,rico,Mới - chưa có ảnh,1,"a personal name, or short form referencing Puerto Rico","tên riêng, hoặc cách gọi tắt liên quan đến Puerto Rico",rico,missing_words_analyzed,chỉ viết hoa trong từ điển (tên riêng)
Root,rodney,Mới - chưa có ảnh,1,a male given name,Rodney (tên riêng nam giới),rodney,missing_words_analyzed,chỉ viết hoa trong từ điển (tên riêng)
Root,ron,Mới - chưa có ảnh,1,a short form of the male personal name Ronald,"tên gọi tắt của tên nam giới ""Ronald""",ron,missing_words_analyzed,chỉ viết hoa trong từ điển (tên riêng)
Root,roy,Mới - chưa có ảnh,1,,,royal,missing_words_analyzed,chỉ viết hoa trong từ điển (tên riêng)
Root,rutgers,Mới - chưa có ảnh,1,"the name of a public research university in New Jersey, USA","tên một trường đại học nghiên cứu công lập ở New Jersey, Hoa Kỳ",rutgers,missing_words_analyzed,chỉ viết hoa trong từ điển (tên riêng)
Root,ruth,Mới - chưa có ảnh,1,,,ruthless,missing_words_analyzed,chỉ viết hoa trong từ điển (tên riêng)
Root,sam,Mới - chưa có ảnh,1,a short form of the male personal name Samuel,"tên gọi tắt của tên nam giới ""Samuel""",sam,missing_words_analyzed,chỉ viết hoa trong từ điển (tên riêng)
Root,sanskrit,Mới - chưa có ảnh,1,"the ancient language of India, sacred in Hinduism and Buddhism","ngôn ngữ cổ của Ấn Độ, được coi là thiêng liêng trong Ấn Độ giáo và Phật giáo",sanskrit,missing_words_analyzed,chỉ viết hoa trong từ điển (tên riêng)
Root,santiago,Mới - chưa có ảnh,1,the capital city of Chile,thủ đô của Chile,santiago,missing_words_analyzed,chỉ viết hoa trong từ điển (tên riêng)
Root,saturday,Mới - chưa có ảnh,1,the day of the week after Friday and before Sunday,thứ Bảy,saturday,missing_words_analyzed,chỉ viết hoa trong từ điển (tên riêng)
Root,saunders,Mới - chưa có ảnh,1,A surname of English origin.,Họ người (tên riêng) gốc Anh.,saunders,missing_words_analyzed,chỉ viết hoa trong từ điển (tên riêng)
Root,schwartz,Mới - chưa có ảnh,1,"a common German/Jewish surname meaning ""black""","một họ phổ biến gốc Đức/Do Thái, nghĩa là ""đen""",schwartz,missing_words_analyzed,chỉ viết hoa trong từ điển (tên riêng)
Root,scot,Mới - chưa có ảnh,1,,,scotland,missing_words_analyzed,chỉ viết hoa trong từ điển (tên riêng)
Root,sejong,Mới - chưa có ảnh,1,a 15th-century Korean king credited with creating the Hangul alphabet,vị vua Triều Tiên thế kỷ 15 được ghi nhận đã sáng tạo ra bảng chữ cái Hangul,sejong,missing_words_analyzed,chỉ viết hoa trong từ điển (tên riêng)
Root,sen,Mới - chưa có ảnh,1,"a monetary subunit used in Indonesia, Cambodia, and Malaysia, equal to one hundredth of the main unit","sen (đơn vị tiền tệ nhỏ, bằng 1/100 đơn vị chính ở Indonesia/Campuchia/Malaysia)",sen,missing_words_analyzed,chỉ viết hoa trong từ điển (tên riêng)
Root,seoul,Mới - chưa có ảnh,1,the capital city of South Korea,thủ đô của Hàn Quốc,seoul,missing_words_analyzed,chỉ viết hoa trong từ điển (tên riêng)
Root,sep,Mới - chưa có ảnh,1,abbreviation for the month of September,viết tắt của tháng Chín (September),sep,missing_words_analyzed,chỉ viết hoa trong từ điển (tên riêng)
Root,sept,Mới - chưa có ảnh,1,"a division of a family, especially a clan, in Ireland or Scotland","một nhánh của một gia tộc, đặc biệt ở Ireland hoặc Scotland",sept,missing_words_analyzed,chỉ viết hoa trong từ điển (tên riêng)
Root,september,Mới - chưa có ảnh,1,the ninth month of the year in the Gregorian calendar,tháng thứ chín trong năm theo lịch Gregory,september,missing_words_analyzed,chỉ viết hoa trong từ điển (tên riêng)
Root,sicily,Mới - chưa có ảnh,1,"the largest island in the Mediterranean Sea, part of Italy","hòn đảo lớn nhất ở Địa Trung Hải, thuộc Ý",sicily,missing_words_analyzed,chỉ viết hoa trong từ điển (tên riêng)
Root,sid,Mới - chưa có ảnh,4,,,"president, residence, residential, subsidy",missing_words_analyzed,chỉ viết hoa trong từ điển (tên riêng)
Root,singapore,Mới - chưa có ảnh,1,an island city-state in Southeast Asia,một quốc đảo thành phố ở Đông Nam Á,singapore,missing_words_analyzed,chỉ viết hoa trong từ điển (tên riêng)
Root,southampton,Mới - chưa có ảnh,1,a port city on the south coast of England,Southampton (thành phố cảng ở miền nam nước Anh),southampton,missing_words_analyzed,chỉ viết hoa trong từ điển (tên riêng)
Root,stanford,Mới - chưa có ảnh,1,"a surname, also the name of a well-known private university in California, USA",Stanford (tên riêng/Đại học Stanford),stanford,missing_words_analyzed,chỉ viết hoa trong từ điển (tên riêng)
Root,stanley,Mới - chưa có ảnh,1,a male given name; also a well-known brand name for hand tools,tên riêng nam giới; cũng là tên một thương hiệu dụng cụ cầm tay,stanley,missing_words_analyzed,chỉ viết hoa trong từ điển (tên riêng)
Root,steven,Mới - chưa có ảnh,1,a male given name (variant of Stephen),tên riêng nam giới (biến thể của Stephen),steven,missing_words_analyzed,chỉ viết hoa trong từ điển (tên riêng)
Root,sullivan,Mới - chưa có ảnh,1,a surname of Irish origin,họ (tên riêng) gốc Ireland (Sullivan),sullivan,missing_words_analyzed,chỉ viết hoa trong từ điển (tên riêng)
Root,sumatra,Mới - chưa có ảnh,1,a large island in western Indonesia,"đảo Sumatra, một đảo lớn ở miền tây Indonesia",sumatra,missing_words_analyzed,chỉ viết hoa trong từ điển (tên riêng)
Root,tacitus,Mới - chưa có ảnh,1,a Roman senator and historian of the Roman Empire (c. 56-120 AD),"Tacitus, sử gia và nghị sĩ La Mã cổ đại",tacitus,missing_words_analyzed,chỉ viết hoa trong từ điển (tên riêng)
Root,tanzania,Mới - chưa có ảnh,1,a country in East Africa,Tanzania (quốc gia ở Đông Phi),tanzania,missing_words_analyzed,chỉ viết hoa trong từ điển (tên riêng)
Root,tasmania,Mới - chưa có ảnh,1,"an island state of Australia, south of the mainland","Tasmania, một bang đảo của Úc",tasmania,missing_words_analyzed,chỉ viết hoa trong từ điển (tên riêng)
Root,tate,Mới - chưa có ảnh,1,a surname; also refers to the Tate galleries of art in Britain,họ (tên riêng); cũng là tên các bảo tàng nghệ thuật Tate ở Anh,tate,missing_words_analyzed,chỉ viết hoa trong từ điển (tên riêng)
Root,tennessee,Mới - chưa có ảnh,1,a state in the southeastern United States,bang Tennessee (Hoa Kỳ),tennessee,missing_words_analyzed,chỉ viết hoa trong từ điển (tên riêng)
Root,terr,Mới - chưa có ảnh,2,,,"terrain, terrify",missing_words_analyzed,chỉ viết hoa trong từ điển (tên riêng)
Root,terra,Mới - chưa có ảnh,1,"earth or land, especially as used in phrases such as 'terra firma'","đất, mặt đất (thường dùng trong cụm 'terra firma')",terra,missing_words_analyzed,chỉ viết hoa trong từ điển (tên riêng)
Root,tesla,Mới - chưa có ảnh,1,the SI unit of magnetic flux density,đơn vị đo từ thông (tesla),tesla,missing_words_analyzed,chỉ viết hoa trong từ điển (tên riêng)
Root,tet,Mới - chưa có ảnh,1,the Vietnamese Lunar New Year festival,"Tết, lễ hội năm mới âm lịch của Việt Nam",tet,missing_words_analyzed,chỉ viết hoa trong từ điển (tên riêng)
Root,texas,Mới - chưa có ảnh,1,a state in the southern United States,"Texas, một bang ở miền nam Hoa Kỳ",texas,missing_words_analyzed,chỉ viết hoa trong từ điển (tên riêng)
Root,thai,Mới - chưa có ảnh,1,,,thailand,missing_words_analyzed,chỉ viết hoa trong từ điển (tên riêng)
Root,thames,Mới - chưa có ảnh,1,"a river that flows through southern England, including London","sông Thames, con sông chảy qua miền nam nước Anh",thames,missing_words_analyzed,chỉ viết hoa trong từ điển (tên riêng)
Root,thanh,Mới - chưa có ảnh,1,A Vietnamese given name.,Tên riêng của người Việt (tên Thanh).,thanh,missing_words_analyzed,chỉ viết hoa trong từ điển (tên riêng)
Root,thompson,Mới - chưa có ảnh,1,"a common English and Scottish surname, historically meaning ""son of Thomas""",Thompson (họ người),thompson,missing_words_analyzed,chỉ viết hoa trong từ điển (tên riêng)
Root,thornton,Mới - chưa có ảnh,1,a surname and place name of English origin,họ và tên địa danh có nguồn gốc Anh,thornton,missing_words_analyzed,chỉ viết hoa trong từ điển (tên riêng)
Root,tia,Mới - chưa có ảnh,1,a female given name,tên riêng nữ giới,tia,missing_words_analyzed,chỉ viết hoa trong từ điển (tên riêng)
Root,tim,Mới - chưa có ảnh,1,"a male given name, short for Timothy","tên riêng nam giới, gọi tắt của Timothy",tim,missing_words_analyzed,chỉ viết hoa trong từ điển (tên riêng)
Root,tokyo,Mới - chưa có ảnh,1,the capital city of Japan,"Tokyo, thủ đô của Nhật Bản",tokyo,missing_words_analyzed,chỉ viết hoa trong từ điển (tên riêng)
Root,tommy,Mới - chưa có ảnh,1,informal name for a British soldier; also a common male given name,cách gọi thân mật người lính Anh; cũng là tên riêng nam giới,tommy,missing_words_analyzed,chỉ viết hoa trong từ điển (tên riêng)
Root,toronto,Mới - chưa có ảnh,1,the largest city in Canada and the capital of Ontario,"Toronto, thành phố lớn nhất Canada",toronto,missing_words_analyzed,chỉ viết hoa trong từ điển (tên riêng)
Root,trajan,Mới - chưa có ảnh,1,"a Roman emperor who reigned from 98 to 117 AD, known for extensive conquests","Trajan, hoàng đế La Mã cổ đại",trajan,missing_words_analyzed,chỉ viết hoa trong từ điển (tên riêng)
Root,turin,Mới - chưa có ảnh,1,"a city in northern Italy, the host of the 2006 Winter Olympics.",thành phố Turin (miền bắc nước Ý).,turin,missing_words_analyzed,chỉ viết hoa trong từ điển (tên riêng)
Root,tut,Mới - chưa có ảnh,1,"used to express mild irritation, impatience, or disapproval","dùng để thể hiện sự khó chịu, không hài lòng nhẹ (tặc lưỡi)",tut,missing_words_analyzed,chỉ viết hoa trong từ điển (tên riêng)
Root,unesco,Mới - chưa có ảnh,1,"the United Nations Educational, Scientific and Cultural Organization","Tổ chức Giáo dục, Khoa học và Văn hóa Liên Hợp Quốc (UNESCO)",unesco,missing_words_analyzed,chỉ viết hoa trong từ điển (tên riêng)
Root,url,Mới - chưa có ảnh,1,the address of a resource on the internet (Uniform Resource Locator),"địa chỉ trang web, đường dẫn URL",url,missing_words_analyzed,chỉ viết hoa trong từ điển (tên riêng)
Root,uzbekistan,Mới - chưa có ảnh,1,a landlocked country in Central Asia,U-dơ-bê-ki-xtan (quốc gia ở Trung Á),uzbekistan,missing_words_analyzed,chỉ viết hoa trong từ điển (tên riêng)
Root,val,Mới - chưa có ảnh,2,,,"equivalent, prevalent",missing_words_analyzed,chỉ viết hoa trong từ điển (tên riêng)
Root,valium,Mới - chưa có ảnh,1,"a trademark for the drug diazepam, used as a tranquilizer","Valium, tên thương hiệu của thuốc an thần diazepam",valium,missing_words_analyzed,chỉ viết hoa trong từ điển (tên riêng)
Root,vancouver,Mới - chưa có ảnh,1,a major city on the west coast of Canada,thành phố Vancouver (Canada),vancouver,missing_words_analyzed,chỉ viết hoa trong từ điển (tên riêng)
Root,verde,Mới - chưa có ảnh,1,"green (Spanish/Portuguese/Italian word, used in place names)","xanh lá (từ tiếng Tây Ban Nha/Bồ Đào Nha, thường dùng trong địa danh)",verde,missing_words_analyzed,chỉ viết hoa trong từ điển (tên riêng)
Root,vesuvius,Mới - chưa có ảnh,1,"an active volcano on the west coast of Italy, near Naples",núi lửa Vesuvius (Ý),vesuvius,missing_words_analyzed,chỉ viết hoa trong từ điển (tên riêng)
Root,victoria,Mới - chưa có ảnh,1,a female given name; also the name of a former British queen and of a state in Australia,tên riêng nữ; địa danh/tên nữ hoàng Victoria,victoria,missing_words_analyzed,chỉ viết hoa trong từ điển (tên riêng)
Root,vietnam,Mới - chưa có ảnh,1,,,vietnamese,missing_words_analyzed,chỉ viết hoa trong từ điển (tên riêng)
Root,vincent,Mới - chưa có ảnh,1,a common masculine given name,Vincent (tên riêng nam giới),vincent,missing_words_analyzed,chỉ viết hoa trong từ điển (tên riêng)
Root,virginia,Mới - chưa có ảnh,1,a state on the east coast of the United States,bang Virginia (Mỹ),virginia,missing_words_analyzed,chỉ viết hoa trong từ điển (tên riêng)
Root,volkswagen,Mới - chưa có ảnh,1,"a German automobile manufacturer, whose name means 'people's car'; also its vehicles","Volkswagen, hãng sản xuất ô tô của Đức (nghĩa đen 'xe hơi của nhân dân')",volkswagen,missing_words_analyzed,chỉ viết hoa trong từ điển (tên riêng)
Root,volvo,Mới - chưa có ảnh,1,a Swedish automobile manufacturer and brand,Volvo (hãng xe hơi của Thụy Điển),volvo,missing_words_analyzed,chỉ viết hoa trong từ điển (tên riêng)
Root,wallace,Mới - chưa có ảnh,1,a surname or given name,tên riêng/họ Wallace,wallace,missing_words_analyzed,chỉ viết hoa trong từ điển (tên riêng)
Root,walmart,Mới - chưa có ảnh,1,an American multinational chain of hypermarkets and discount department stores,chuỗi siêu thị/bán lẻ đa quốc gia của Mỹ (Walmart),walmart,missing_words_analyzed,chỉ viết hoa trong từ điển (tên riêng)
Root,walter,Mới - chưa có ảnh,1,a male given name,tên riêng nam giới (Walter),walter,missing_words_analyzed,chỉ viết hoa trong từ điển (tên riêng)
Root,washington,Mới - chưa có ảnh,1,"the capital city of the United States, or the U.S. state on the Pacific coast; also a common surname/first name (e.g. George Washington)",thủ đô Washington D.C. (hoặc bang Washington) của Mỹ; cũng là tên riêng (Washington),washington,missing_words_analyzed,chỉ viết hoa trong từ điển (tên riêng)
Root,webb,Mới - chưa có ảnh,1,a surname (e.g. the James Webb Space Telescope is named after NASA administrator James E. Webb),"họ Webb (tên riêng, ví dụ kính viễn vọng James Webb)",webb,missing_words_analyzed,chỉ viết hoa trong từ điển (tên riêng)
Root,wheatstone,Mới - chưa có ảnh,1,"a surname, notably that of Charles Wheatstone, associated with the Wheatstone bridge used in electrical measurement","họ (tên riêng), gắn với cầu Wheatstone trong điện học",wheatstone,missing_words_analyzed,chỉ viết hoa trong từ điển (tên riêng)
Root,wikipedia,Mới - chưa có ảnh,1,a free online encyclopedia written and edited collaboratively by volunteers,Wikipedia (bách khoa toàn thư trực tuyến),wikipedia,missing_words_analyzed,chỉ viết hoa trong từ điển (tên riêng)
Root,william,Mới - chưa có ảnh,1,a common male given name,tên riêng nam giới (William),william,missing_words_analyzed,chỉ viết hoa trong từ điển (tên riêng)
Root,willis,Mới - chưa có ảnh,1,a surname (e.g. actor Bruce Willis; the Willis Tower in Chicago),họ Willis (tên riêng),willis,missing_words_analyzed,chỉ viết hoa trong từ điển (tên riêng)
Root,wisconsin,Mới - chưa có ảnh,1,a state in the northern midwestern United States,bang Wisconsin (Mỹ),wisconsin,missing_words_analyzed,chỉ viết hoa trong từ điển (tên riêng)
Root,yale,Mới - chưa có ảnh,1,"a prestigious American university, or a brand of lock",Yale (trường đại học Mỹ; cũng là thương hiệu khóa),yale,missing_words_analyzed,chỉ viết hoa trong từ điển (tên riêng)
Root,york,Mới - chưa có ảnh,1,a city in northern England; also used in place names such as New York,thành phố York (Anh); cũng dùng trong tên gọi như New York,york,missing_words_analyzed,chỉ viết hoa trong từ điển (tên riêng)
Root,yosemite,Mới - chưa có ảnh,1,a national park in California known for its waterfalls and granite cliffs,công viên quốc gia Yosemite,yosemite,missing_words_analyzed,chỉ viết hoa trong từ điển (tên riêng)
Root,zagreb,Mới - chưa có ảnh,1,the capital and largest city of Croatia,"Zagreb, thủ đô của Croatia",zagreb,missing_words_analyzed,chỉ viết hoa trong từ điển (tên riêng)
Root,zaire,Mới - chưa có ảnh,1,"the former name (1971-1997) of the Democratic Republic of the Congo, also its currency",Zaire (tên cũ của CHDC Congo; cũng là đơn vị tiền tệ),zaire,missing_words_analyzed,chỉ viết hoa trong từ điển (tên riêng)
Root,zealand,Mới - chưa có ảnh,1,"A place name used in 'New Zealand', originally from a Dutch province.","Tên riêng (dùng trong 'New Zealand'), vốn là tên một tỉnh của Hà Lan.",zealand,missing_words_analyzed,chỉ viết hoa trong từ điển (tên riêng)
Word,amazon,Mới - chưa có ảnh,1,"a major river in South America, the largest by discharge volume in the world","sông Amazon, con sông lớn nhất thế giới tính theo lưu lượng nước, ở Nam Mỹ",amazon,missing_words_analyzed,nghĩa mô tả quốc gia/thành phố/địa danh
Word,chile,Mới - chưa có ảnh,1,"a long, narrow country in South America along the Pacific coast",Chile (quốc gia Nam Mỹ),chile,missing_words_analyzed,nghĩa mô tả quốc gia/thành phố/địa danh
Word,china,Mới - chưa có ảnh,2,"a country in East Asia, the world's most populous country.",Trung Quốc (một quốc gia ở Đông Á).,"china, chinese",missing_words_analyzed,nghĩa mô tả quốc gia/thành phố/địa danh
Word,terry,Mới - chưa có ảnh,1,a common English given name,Terry (tên riêng),terry,missing_words_analyzed,nghĩa mô tả tên người/tên riêng
