word,structure,frequency
rewrite,re-[write],537
important,im-[port]-ant,410
research,re-[search],401
government,[govern]-ment,391
original,[origin]-al,376
passage,[pass]-age,361
education,[educate]-ion,331
offer,[of]-er,306
university,uni-[verse]-ity,272
exactly,[exact]-ly,271
disagree,dis-[agree],262
natural,[nature]-al,252
teacher,[teach]-er,246
computer,[compute]-er,243
development,[develop]-ment,241
genuinely,[genuine]-ly,217
pressure,[press]-ure,206
usually,[usual]-ly,203
worker,[work]-er,191
inside,in-[side],184
service,[serve]-ice,184
growth,[grow]-th,181
statement,[state]-ment,181
employee,[employ]-ee,178
personal,[person]-al,175
quietly,[quiet]-ly,175
valuable,[value]-able,173
signal,[sign]-al,172
entirely,[entire]-ly,168
really,[real]-ly,167
completely,[complete]-ly,165
encourage,en-[courage],161
firmly,[firm]-ly,155
disease,dis-[ease],151
cultural,[culture]-al,149
quickly,[quick]-ly,149
factor,[fact]-or,148
global,[globe]-al,146
rarely,[rare]-ly,144
situation,[situate]-ion,144
clearly,[clear]-ly,141
completion,[complete]-ion,141
income,in-[come],140
useful,[use]-ful,139
online,on-[line],136
manager,[manage]-er,135
precisely,[precise]-ly,135
visitor,[visit]-or,135
daily,[day]-ly,132
likely,[like]-ly,132
replace,re-[place],131
secondly,[second]-ly,131
basic,[base]-ic,130
researcher,re-[search]-er,130
outside,out-[side],128
remove,re-[move],128
internet,inter-[net],126
firstly,[first]-ly,125
simplify,[simple]-ify,125
factory,[fact]-ory,124
traditional,[tradition]-al,124
message,[mess]-age,122
movement,[move]-ment,121
national,[nation]-al,119
outweigh,out-[weigh],119
action,[act]-ion,118
customer,[custom]-er,118
finally,[fine]-ally,118
mistake,mis-[take],118
strongly,[strong]-ly,117
direction,[direct]-ion,116
transport,trans-[port],115
authority,[author]-ity,114
enjoy,en-[joy],113
engineer,[engine]-eer,108
detail,de-[tail],106
disadvantage,dis-[advantage],106
dangerous,[danger]-ous,104
overall,over-[all],104
international,inter-[nation]-al,103
directly,[direct]-ly,102
merely,[mere]-ly,102
largely,[large]-ly,101
performance,[perform]-ance,101
device,de-[vice],100
outcome,out-[come],99
freedom,[free]-dom,97
harmful,[harm]-ful,97
extent,ex-[tent],96
naturally,[nature]-ally,96
active,[act]-ive,95
tourism,[tour]-ism,95
security,[secure]-ity,94
treatment,[treat]-ment,90
underlie,under-[lie],89
failure,[fail]-ure,88
famous,[fame]-ous,88
mainly,[main]-ly,88
resort,re-[sort],87
exchange,ex-[change],85
disappear,dis-[appear],84
driver,[drive]-er,84
extremely,[extreme]-ly,82
illness,[ill]-ness,82
certainly,[certain]-ly,81
otherwise,[other]-wise,80
abroad,ab-[road],79
connection,[connect]-ion,79
tourist,[tour]-ist,79
regardless,[regard]-less,78
report,re-[port],77
slowly,[slow]-ly,77
preserve,pre-[serve],76
powerful,[power]-ful,75
traveller,[travel]-er,75
achievement,[achieve]-ment,74
deserve,de-[serve],74
successful,[success]-ful,74
belong,be-[long],73
employer,[employ]-er,73
status,[state]-us,72
expose,ex-[pose],71
overview,over-[view],71
player,[play]-er,71
exposure,ex-[pose]-ure,69
farmer,[farm]-er,68
childhood,[child]-hood,67
deliberately,[deliberate]-ly,67
enormous,[enorm]-ous,67
highly,[high]-ly,67
despite,de-[spite],66
protection,[protect]-ion,66
coaster,[coast]-er,65
expensive,[expense]-ive,65
criminal,[crimin]-al,64
personally,[person]-ally,64
layer,[lay]-er,61
management,[manage]-ment,61
import,im-[port],60
improvement,[improve]-ment,60
purely,[pure]-ly,60
strengthen,[strength]-en,60
unfamiliar,un-[family]-ar,60
careful,[care]-ful,59
equipment,[equip]-ment,59
impossible,im-[possible],59
malaria,[male]-aria,59
critical,[critic]-al,58
importance,im-[port]-ance,58
motivate,[motive]-ate,58
reader,[read]-er,58
unlike,un-[like],58
happiness,[happy]-ness,57
threaten,[threat]-en,57
circumstance,circum-[stance],56
normal,[norm]-al,56
collective,[collect]-ive,55
comfortable,[comfort]-able,55
organism,[organ]-ism,55
industrial,[industry]-al,54
output,out-[put],54
reliable,re-[lie]-able,54
roller,[roll]-er,54
awareness,[aware]-ness,53
endanger,en-[danger],53
frequently,[frequent]-ly,53
uniform,uni-[form],53
display,dis-[play],52
partly,[part]-ly,52
reaction,re-[act]-ion,52
weaken,[weak]-en,52
closely,[close]-ly,51
guidance,[guide]-ance,51
leader,[lead]-er,50
reasonable,[reason]-able,50
viewer,[view]-er,50
express,ex-[press],49
friendship,[friend]-ship,49
heavily,[heavy]-ly,49
immediately,[immediate]-ly,49
judgement,[judge]-ment,49
owner,[own]-er,49
payment,[pay]-ment,49
version,[verse]-ion,49
creature,[create]-ure,48
promotion,pro-[motion],48
station,[state]-ion,48
surround,sur-[round],48
familiar,[family]-ar,47
learner,[learn]-er,47
properly,[proper]-ly,47
unable,un-[able],47
underground,under-[ground],47
agreement,[agree]-ment,46
freely,[free]-ly,46
runner,[run]-er,46
various,[vary]-ous,46
recycle,re-[cycle],45
repair,re-[pair],45
continuous,[continue]-ous,44
currently,[current]-ly,44
diversity,[diverse]-ity,44
ensure,en-[sure],44
interaction,inter-[act]-ion,44
description,de-[script]-ion,43
extend,ex-[tend],43
gardener,[garden]-er,43
humanity,[human]-ity,43
constantly,[constant]-ly,42
expression,ex-[press]-ion,42
priority,[prior]-ity,42
restrict,re-[strict],42
appearance,[appear]-ance,41
considerable,[consider]-able,41
mislead,mis-[lead],41
widely,[wide]-ly,41
creative,[create]-ive,40
employment,[employ]-ment,40
mostly,[most]-ly,40
rebuild,re-[build],40
relative,[relate]-ive,40
renewable,re-[new]-able,40
widen,[wide]-en,40
isolation,[isolate]-ion,39
proportion,pro-[port]-ion,39
seriously,[serious]-ly,39
steadily,[steady]-ly,39
stranger,[strange]-er,39
background,back-[ground],38
interact,inter-[act],38
sailor,[sail]-or,38
supporter,[support]-er,38
arrangement,[arrange]-ment,37
deeply,[deep]-ly,37
disorder,dis-[order],37
nearly,[near]-ly,37
occasionally,[occasion]-ally,37
outward,[out]-ward,37
reality,[real]-ity,37
reverse,re-[verse],37
suddenly,[sudden]-ly,37
advancement,[advance]-ment,36
collection,[collect]-ion,36
enable,en-[able],36
forecast,fore-[cast],36
hardship,[hard]-ship,36
instantly,[instant]-ly,36
rapidly,[rapid]-ly,36
react,re-[act],36
transition,[transit]-ion,36
artist,[art]-ist,35
friendly,[friend]-ly,35
impose,im-[pose],35
intend,in-[tend],35
reliance,re-[lie]-ance,35
review,re-[view],35
safely,[safe]-ly,35
unemployment,un-[employ]-ment,35
warmth,[warm]-th,35
asset,[as]-et,34
badly,[bad]-ly,34
downstream,down-[stream],34
justify,[just]-ify,34
relay,re-[lay],34
solar,[sole]-ar,34
speaker,[speak]-er,34
transplant,trans-[plant],34
unfair,un-[fair],34
writer,[write]-er,34
musician,[music]-ian,33
package,[pack]-age,33
worthless,[worth]-less,33
automatically,[automatic]-ally,32
central,[centre]-al,32
delay,de-[lay],32
electric,[electr]-ic,32
enjoyable,en-[joy]-able,32
fitness,[fit]-ness,32
reform,re-[form],32
roughly,[rough]-ly,32
actor,[act]-or,31
discourage,dis-[courage],31
offender,[offend]-er,31
recently,[recent]-ly,31
resolve,re-[solve],31
rider,[rid]-er,31
shortage,[short]-age,31
disagreement,dis-[agree]-ment,30
europe,eu-[rope],30
majority,[major]-ity,30
primate,[prim]-ate,30
slightly,[slight]-ly,30
greatly,[great]-ly,29
handful,[hand]-ful,29
insurance,in-[sure]-ance,29
kindness,[kind]-ness,29
lower,[low]-er,29
outdoor,out-[door],29
protective,[protect]-ive,29
static,[state]-ic,29
weakness,[weak]-ness,29
dismiss,dis-[miss],28
entry,en-[try],28
officer,[office]-er,28
performer,[perform]-er,28
shopper,[shop]-er,28
beside,be-[side],27
cyclist,[cycle]-ist,27
outright,out-[right],27
rotation,[rotate]-ion,27
uncover,un-[cover],27
impression,im-[press]-ion,26
precision,[precise]-ion,26
attraction,[attract]-ion,25
bicycle,bi-[cycle],25
designer,[design]-er,25
functional,[function]-al,25
indeed,in-[deed],25
insight,in-[sight],25
keeper,[keep]-er,25
manure,[man]-ure,25
musical,[music]-al,25
overcome,over-[come],25
overlook,over-[look],25
postcard,post-[card],25
sharply,[sharp]-ly,25
barely,[bare]-ly,24
billion,[bill]-ion,24
commitment,[commit]-ment,24
enforce,en-[force],24
fairly,[fair]-ly,24
imbalance,im-[balance],24
informal,[inform]-al,24
likewise,[like]-wise,24
pleasure,[please]-ure,24
propose,pro-[pose],24
referee,[refer]-ee,24
remarkable,[remark]-able,24
restriction,re-[strict]-ion,24
seller,[sell]-er,24
costly,[cost]-ly,23
criticism,[critic]-ism,23
eighteen,[eight]-een,23
enrich,en-[rich],23
investigation,[investigate]-ion,23
normally,[norm]-ally,23
specialist,[special]-ist,23
strictly,[strict]-ly,23
suitable,[suit]-able,23
undertake,under-[take],23
assessment,[assess]-ment,22
assistance,[assist]-ance,22
broaden,[broad]-en,22
climber,[climb]-er,22
coverage,[cover]-age,22
depression,de-[press]-ion,22
disposable,dis-[pose]-able,22
encounter,en-[count]-er,22
impressive,im-[press]-ive,22
predator,pre-[date]-or,22
repetition,re-[petition],22
teenage,[teen]-age,22
universal,uni-[verse]-al,22
unreliable,un-[rely]-able,22
youngster,[young]-ster,22
absolutely,[absolute]-ly,21
mismatch,mis-[match],21
openly,[open]-ly,21
openness,[open]-ness,21
parental,[parent]-al,21
transform,trans-[form],21
unusual,un-[usual],21
upward,up-[ward],21
attractive,[attract]-ive,20
deadly,[dead]-ly,20
descriptive,de-[script]-ive,20
enjoyment,en-[joy]-ment,20
hearth,[hear]-th,20
helpful,[help]-ful,20
inner,[in]-er,20
measurement,[measure]-ment,20
northern,[north]-ern,20
outlet,[out]-let,20
retirement,[retire]-ment,20
sharpen,[sharp]-en,20
unless,un-[less],20
update,up-[date],20
western,[west]-ern,20
accommodation,[accommodate]-ion,19
afternoon,after-[noon],19
bucket,[buck]-et,19
builder,[build]-er,19
buyer,[buy]-er,19
countless,[count]-less,19
innate,[in]-ate,19
interchangeable,inter-[change]-able,19
justice,[just]-ice,19
multinational,multi-[nation]-al,19
nervous,[nerve]-ous,19
pleasant,[please]-ant,19
publicly,[public]-ly,19
replacement,re-[place]-ment,19
seedling,[seed]-ling,19
translation,[translate]-ion,19
distinctive,[distinct]-ive,18
fairness,[fair]-ness,18
finite,[fine]-ite,18
honestly,[honest]-ly,18
input,in-[put],18
moderation,[moderate]-ion,18
polish,[pole]-ish,18
poorly,[poor]-ly,18
regional,[region]-al,18
sensory,[sense]-ory,18
smoker,[smoke]-er,18
statistical,[statistic]-al,18
useless,[use]-less,18
wisely,[wise]-ly,18
approval,[approve]-al,17
creator,[create]-or,17
discard,dis-[card],17
dislike,dis-[like],17
encouragement,en-[courage]-ment,17
engagement,[engage]-ment,17
harden,[hard]-en,17
newly,[new]-ly,17
obviously,[obvious]-ly,17
overcrowd,over-[crowd],17
overflow,over-[flow],17
prescription,pre-[script]-ion,17
smoothly,[smooth]-ly,17
swimmer,[swim]-er,17
transparent,trans-[parent],17
unfairly,un-[fair]-ly,17
beautiful,[beauty]-ful,16
blanket,[blank]-et,16
crucially,[crucial]-ly,16
dishonest,dis-[honest],16
enforcement,en-[force]-ment,16
misunderstand,mis-[understand],16
organic,[organ]-ic,16
overload,over-[load],16
readily,[ready]-ly,16
renew,re-[new],16
selection,[select]-ion,16
sooner,[soon]-er,16
sponsorship,[sponsor]-ship,16
variable,[vary]-able,16
adulthood,[adult]-hood,15
defendant,[defend]-ant,15
detective,[detect]-ive,15
indirectly,in-[direct]-ly,15
interactive,inter-[act]-ive,15
interconnect,inter-[connect],15
logical,[logic]-al,15
measurable,[measure]-able,15
miller,[mill]-er,15
occasional,[occasion]-al,15
originally,[origin]-ally,15
participation,[participate]-ion,15
peter,[pet]-er,15
profitable,[profit]-able,15
redirect,re-[direct],15
seasonal,[season]-al,15
servant,[serve]-ant,15
solely,[sole]-ly,15
tightly,[tight]-ly,15
unlikely,un-[like]-ly,15
unseen,un-[see]-en,15
versus,[verse]-us,15
amusement,[amuse]-ment,14
architecture,[architect]-ure,14
barren,[bar]-en,14
classify,[class]-ify,14
conventional,[convention]-al,14
darkness,[dark]-ness,14
distribution,dis-[tribute]-ion,14
educator,[educate]-or,14
endless,[end]-less,14
harmless,[harm]-less,14
marker,[mark]-er,14
massive,[mass]-ive,14
membership,[member]-ship,14
organize,[organ]-ize,14
overnight,over-[night],14
previously,[previous]-ly,14
recall,re-[call],14
sensor,[sense]-or,14
stressful,[stress]-ful,14
untreated,un-[tree]-ated,14
adaptable,[adapt]-able,13
breadth,[bread]-th,13
correctly,[correct]-ly,13
criticize,[critic]-ize,13
excitement,[excite]-ment,13
expectancy,[expect]-ancy,13
expressive,ex-[press]-ive,13
famine,[fame]-ine,13
impulse,im-[pulse],13
indirect,in-[direct],13
instinctive,[instinct]-ive,13
intention,in-[tent]-ion,13
modal,[mode]-al,13
overly,[over]-ly,13
peaceful,[peace]-ful,13
placement,[place]-ment,13
request,re-[quest],13
reuse,re-[use],13
sadness,[sad]-ness,13
selective,[select]-ive,13
soloist,[solo]-ist,13
supermarket,super-[mark]-et,13
supportive,[support]-ive,13
tailor,[tail]-or,13
undeniable,un-[deny]-able,13
upset,up-[set],13
wooden,[wood]-en,13
worsen,[worse]-en,13
accidental,[accident]-al,12
arrival,[arrive]-al,12
consciousness,[conscious]-ness,12
creation,[create]-ion,12
efficiently,[efficient]-ly,12
export,ex-[port],12
fatal,[fate]-al,12
hopeful,[hope]-ful,12
interpersonal,inter-[person]-al,12
microsoft,micro-[soft],12
morale,[more]-ale,12
namely,[name]-ly,12
outlook,out-[look],12
potter,[pot]-er,12
prisoner,[prison]-er,12
proposal,pro-[pose]-al,12
remind,re-[mind],12
stimulus,[stimul]-us,12
surplus,sur-[plus],12
teammate,[team]-ate,12
thoughtful,[thought]-ful,12
trainer,[train]-er,12
understandable,[understand]-able,12
unstable,un-[stable],12
upkeep,up-[keep],12
upper,[up]-er,12
upright,up-[right],12
acceptance,[accept]-ance,11
beginner,[begin]-er,11
careless,[care]-less,11
carrier,[carry]-er,11
committee,[commit]-ee,11
considerate,[consider]-ate,11
deepen,[deep]-en,11
director,[direct]-or,11
dosage,[dose]-age,11
editor,[edit]-or,11
ethical,[ethic]-al,11
fearful,[fear]-ful,11
frustration,[frustrate]-ion,11
intensify,[intense]-ify,11
legacy,[leg]-acy,11
legally,[leg]-ally,11
lively,[live]-ly,11
manageable,[manage]-able,11
minority,[minor]-ity,11
misuse,mis-[use],11
movie,[move]-ie,11
outline,out-[line],11
overdose,over-[dose],11
oversight,over-[sight],11
painter,[paint]-er,11
palate,[pale]-ate,11
pointless,[point]-less,11
relation,[relate]-ion,11
retreat,re-[treat],11
ruler,[rule]-er,11
subscription,sub-[script]-ion,11
subsequently,[subsequent]-ly,11
trailer,[trail]-er,11
unavoidable,un-[avoid]-able,11
undermine,under-[mine],11
unpleasant,un-[please]-ant,11
acceptable,[accept]-able,10
accountable,[account]-able,10
backward,[back]-ward,10
caller,[call]-er,10
correction,[correct]-ion,10
critically,[critic]-ally,10
developer,[develop]-er,10
discharge,dis-[charge],10
dissolve,dis-[solve],10
fulfilment,[fulfil]-ment,10
globally,[globe]-ally,10
inward,in-[ward],10
maturity,[mature]-ity,10
microwave,micro-[wave],10
notable,[not]-able,10
outsider,out-[side]-er,10
palette,[pale]-ette,10
portable,[port]-able,10
possession,[possess]-ion,10
richness,[rich]-ness,10
rightly,[right]-ly,10
severely,[severe]-ly,10
specially,[special]-ly,10
transmission,trans-[miss]-ion,10
uncertain,un-[certain],10
uncomfortable,un-[comfort]-able,10
weekly,[week]-ly,10
advantageous,[advantage]-ous,9
assistant,[assist]-ant,9
attachment,[attach]-ment,9
catchment,[catch]-ment,9
consciously,[conscious]-ly,9
conviction,[convict]-ion,9
dedication,[dedicate]-ion,9
degrade,de-[grade],9
depress,de-[press],9
detector,[detect]-or,9
disappoint,dis-[appoint],9
discomfort,dis-[comfort],9
effortless,[effort]-less,9
employable,[employ]-able,9
follower,[follow]-er,9
forceful,[force]-ful,9
gravity,[grave]-ity,9
hazardous,[hazard]-ous,9
hostility,[hostile]-ity,9
illustration,[illustrate]-ion,9
indicator,[indicate]-or,9
inhabitant,in-[habit]-ant,9
intensity,[intense]-ity,9
linear,[line]-ar,9
listener,[listen]-er,9
livable,[live]-able,9
maker,[make]-er,9
orderly,[order]-ly,9
overhead,over-[head],9
override,over-[ride],9
painful,[pain]-ful,9
partnership,[partner]-ship,9
poisonous,[poison]-ous,9
refine,re-[fine],9
reformer,re-[form]-er,9
repay,re-[pay],9
settlement,[settle]-ment,9
sixth,[six]-th,9
submarine,sub-[marine],9
supplier,[supply]-er,9
symbolic,[symbol]-ic,9
tablet,[table]-et,9
tenant,[ten]-ant,9
thicken,[thick]-en,9
traditionally,[tradition]-ally,9
upstream,up-[stream],9
weaver,[weave]-er,9
afterlife,after-[life],8
afterward,[after]-ward,8
automate,auto-[mate],8
briefly,[brief]-ly,8
childless,[child]-less,8
closeness,[close]-ness,8
closure,[close]-ure,8
commonly,[common]-ly,8
contentment,[content]-ment,8
conveyor,[convey]-or,8
discount,dis-[count],8
displace,dis-[place],8
distinction,[distinct]-ion,8
distribute,dis-[tribute],8
flatten,[flat]-en,8
helpless,[help]-less,8
hugely,[huge]-ly,8
hunter,[hunt]-er,8
inhabit,in-[habit],8
intensive,[intense]-ive,8
invaluable,in-[value]-able,8
killer,[kill]-er,8
loudly,[loud]-ly,8
mutually,[mutual]-ly,8
needless,[need]-less,8
observer,[observe]-er,8
overdraft,over-[draft],8
oversee,over-[see],8
overtake,over-[take],8
pollen,[poll]-en,8
posture,[post]-ure,8
profoundly,[profound]-ly,8
recital,re-[cite]-al,8
refill,re-[fill],8
remotely,[remote]-ly,8
repayment,re-[pay]-ment,8
retrofit,retro-[fit],8
rubber,[rub]-er,8
server,[serve]-er,8
settler,[settle]-er,8
silently,[silent]-ly,8
systemic,[system]-ic,8
trial,[try]-al,8
trustee,[trust]-ee,8
unsafe,un-[safe],8
upgrade,up-[grade],8
variant,[vary]-ant,8
yearly,[year]-ly,8
youthful,[youth]-ful,8
appliance,[apple]-iance,7
backbone,back-[bone],7
bonus,[bone]-us,7
breaker,[break]-er,7
civilize,[civil]-ize,7
coral,[core]-al,7
departure,[depart]-ure,7
designate,[design]-ate,7
desirable,[desire]-able,7
disconnect,dis-[connect],7
disposal,dis-[pose]-al,7
district,di-[strict],7
distrust,dis-[trust],7
download,down-[load],7
enhancement,[enhance]-ment,7
executive,[execute]-ive,7
fashionable,[fashion]-able,7
functionally,[function]-ally,7
graduation,[graduate]-ion,7
happily,[happy]-ly,7
immunity,[immune]-ity,7
inconvenience,in-[convenience],7
latitude,[late]-itude,7
laziness,[lazy]-ness,7
lineage,[line]-age,7
loosen,[loose]-en,7
midnight,mid-[night],7
monthly,[month]-ly,7
offset,off-[set],7
offspring,off-[spring],7
outbreak,out-[break],7
overuse,over-[use],7
phrasal,[phrase]-al,7
planner,[plan]-er,7
powerless,[power]-less,7
prevention,[prevent]-ion,7
prioritize,[prior]-itize,7
privately,[private]-ly,7
proportional,pro-[portion]-al,7
publicity,[public]-ity,7
reliant,re-[lie]-ant,7
removal,re-[move]-al,7
restock,[rest]-ock,7
retailer,[retail]-er,7
sadly,[sad]-ly,7
sickness,[sick]-ness,7
sixteen,[six]-teen,7
stimulate,[stimul]-ate,7
storage,[store]-age,7
surely,[sure]-ly,7
transaction,trans-[act]-ion,7
traveler,[travel]-er,7
unsuitable,un-[suit]-able,7
unsure,un-[sure],7
wither,[with]-er,7
achievable,[achieve]-able,6
adversity,[adverse]-ity,6
assure,[as]-ure,6
attendance,[attend]-ance,6
bodily,[body]-ly,6
calmly,[calm]-ly,6
coastal,[coast]-al,6
collector,[collect]-or,6
complication,[complicate]-ion,6
corrective,[correct]-ive,6
debatable,de-[bat]-able,6
decorate,de-[core]-ate,6
descendant,[descend]-ant,6
detection,[detect]-ion,6
dieter,[diet]-er,6
digest,[dig]-est,6
disappearance,dis-[appear]-ance,6
disappointment,dis-[appoint]-ment,6
disturbance,[disturb]-ance,6
disuse,dis-[use],6
diversify,[diverse]-ify,6
evenly,[even]-ly,6
flawless,[flaw]-less,6
foolish,[fool]-ish,6
footage,[foot]-age,6
formally,[form]-ally,6
hemisphere,hemi-[sphere],6
homeless,[home]-less,6
inactive,in-[act]-ive,6
incorrect,in-[correct],6
infinite,in-[fine]-ite,6
inmate,in-[mate],6
install,in-[stall],6
intake,in-[take],6
internationally,inter-[nation]-ally,6
intimacy,in-[time]-acy,6
intimate,in-[time]-ate,6
invoice,in-[voice],6
logically,[logic]-ally,6
lover,[love]-er,6
magical,[magic]-al,6
originate,[origin]-ate,6
outlast,out-[last],6
outperform,out-[perform],6
overtime,over-[time],6
overwork,over-[work],6
preventive,[prevent]-ive,6
promotional,pro-[motion]-al,6
reachable,[reach]-able,6
recreate,re-[create],6
refugee,[refuge]-ee,6
repaint,re-[paint],6
smartly,[smart]-ly,6
southern,[south]-ern,6
suggestion,[suggest]-ion,6
taper,[tape]-er,6
totally,[total]-ly,6
tracker,[track]-er,6
trader,[trade]-er,6
unconscious,un-[conscious],6
unfold,un-[fold],6
unhappiness,un-[happy]-ness,6
uniformity,uni-[form]-ity,6
upload,up-[load],6
voter,[vote]-er,6
wasteful,[waste]-ful,6
watcher,[watch]-er,6
wonderful,[wonder]-ful,6
alliance,[all]-iance,5
assignment,[assign]-ment,5
automobile,auto-[mob]-ile,5
avoidance,[avoid]-ance,5
banner,[ban]-er,5
borrower,[borrow]-er,5
broadly,[broad]-ly,5
classic,[class]-ic,5
clinical,[clinic]-al,5
coexist,co-[exist],5
compliant,[comply]-ant,5
conditioner,[condition]-er,5
consultancy,[consult]-ancy,5
consultant,[consult]-ant,5
counsellor,[counsel]-or,5
crossword,cross-[word],5
desperately,[desperate]-ly,5
deterioration,[deteriorate]-ion,5
disparity,di-[spare]-ity,5
downwind,down-[wind],5
eagerness,[eager]-ness,5
earner,[earn]-er,5
entitle,en-[title],5
experimental,[experiment]-al,5
faithful,[faith]-ful,5
fascination,[fascinate]-ion,5
fiercely,[fierce]-ly,5
forecaster,fore-[cast]-er,5
foresee,fore-[see],5
generously,[generous]-ly,5
guardian,[guard]-ian,5
halfway,half-[way],5
handler,[handle]-er,5
incomplete,in-[complete],5
inconvenient,in-[convenient],5
interstate,inter-[state],5
investigator,[investigate]-or,5
lifeless,[life]-less,5
mentality,[mental]-ity,5
mentally,[mental]-ly,5
minsky,min-[sky],5
misread,mis-[read],5
morally,[more]-ally,5
noticeable,[notice]-able,5
oversimplify,over-[simple]-ify,5
patiently,[patient]-ly,5
payer,[pay]-er,5
plentiful,[plenty]-ful,5
politely,[polite]-ly,5
predetermine,pre-[determine],5
preface,pre-[face],5
proportionate,pro-[portion]-ate,5
readiness,[ready]-ness,5
recoverable,[recover]-able,5
recyclable,re-[cycle]-able,5
redesign,re-[design],5
refinement,re-[fine]-ment,5
rental,[rent]-al,5
repeater,[repeat]-er,5
replay,re-[play],5
reset,re-[set],5
restrain,re-[strain],5
retrain,re-[train],5
reusable,re-[use]-able,5
rightful,[right]-ful,5
ripen,[rip]-en,5
routinely,[routine]-ly,5
rower,[row]-er,5
scanner,[scan]-er,5
seniority,[senior]-ity,5
seriousness,[serious]-ness,5
signify,[sign]-ify,5
singer,[sing]-er,5
soften,[soft]-en,5
specialize,[special]-ize,5
spotter,[spot]-er,5
standardize,[standard]-ize,5
surcharge,sur-[charge],5
tenure,[ten]-ure,5
thinker,[think]-er,5
thoroughly,[thorough]-ly,5
transferable,[transfer]-able,5
unclear,[uncle]-ar,5
uncritical,un-[critic]-al,5
undervalue,under-[value],5
unfit,un-[fit],5
unforgettable,un-[forget]-able,5
unimaginable,un-[imagine]-able,5
universally,uni-[verse]-ally,5
unsteady,un-[steady],5
villager,[village]-er,5
winner,[win]-er,5
wrongly,[wrong]-ly,5
aboriginal,ab-[origin]-al,4
accountant,[account]-ant,4
alcoholic,[alcohol]-ic,4
anchorage,[anchor]-age,4
apartment,[apart]-ment,4
autopilot,auto-[pilot],4
backpack,back-[pack],4
backstage,back-[stage],4
basement,[base]-ment,4
boredom,[bore]-dom,4
bowen,[bow]-en,4
busyness,[busy]-ness,4
carriage,[carry]-age,4
checker,[check]-er,4
citizenship,[citizen]-ship,4
cleverness,[clever]-ness,4
closet,[close]-et,4
continually,[continue]-ally,4
decode,de-[code],4
delegate,de-[leg]-ate,4
densely,[dense]-ly,4
directory,[direct]-ory,4
disclosure,dis-[close]-ure,4
dismount,dis-[mount],4
domestically,[domestic]-ally,4
downturn,down-[turn],4
downward,[down]-ward,4
eastern,[east]-ern,4
enact,en-[act],4
encode,en-[code],4
endurance,[endure]-ance,4
entitlement,en-[title]-ment,4
explorer,[explore]-er,4
forehead,fore-[head],4
foremost,fore-[most],4
founder,[found]-er,4
gatherer,[gather]-er,4
golden,[gold]-en,4
habitable,[habit]-able,4
healer,[heal]-er,4
heighten,[height]-en,4
ideally,[ideal]-ly,4
impress,im-[press],4
imprisonment,im-[prison]-ment,4
impulsive,im-[pulse]-ive,4
inflation,in-[flat]-ion,4
inland,in-[land],4
insure,in-[sure],4
interlock,inter-[lock],4
justly,[just]-ly,4
lender,[lend]-er,4
lightly,[light]-ly,4
liveable,[live]-able,4
luxurious,[luxury]-ous,4
marketable,[market]-able,4
millet,[mill]-et,4
neglectful,[neglect]-ful,4
observable,[observe]-able,4
outlive,out-[live],4
overdue,over-[due],4
overland,over-[land],4
oversupply,over-[supply],4
packet,[pack]-et,4
passively,[passive]-ly,4
pasture,[past]-ure,4
porter,[port]-er,4
possessive,[possess]-ive,4
postcode,post-[code],4
poster,[post]-er,4
precondition,pre-[condition],4
preview,pre-[view],4
prolong,pro-[long],4
rearrange,re-[arrange],4
recorder,[record]-er,4
refit,re-[fit],4
regain,re-[gain],4
residual,[residue]-al,4
shorten,[short]-en,4
sincerely,[sincere]-ly,4
stiffen,[stiff]-en,4
strangely,[strange]-ly,4
surpass,sur-[pass],4
suspicious,su-[spice]-ious,4
thirdly,[third]-ly,4
tidal,[tide]-al,4
tighten,[tight]-en,4
timor,[time]-or,4
togetherness,[together]-ness,4
triage,[try]-age,4
triangle,tri-[angle],4
truthful,[truth]-ful,4
unaware,un-[aware],4
unconditional,un-[condition]-al,4
undergrowth,under-[grow]-th,4
unearth,un-[ear]-th,4
unhappy,un-[happy],4
unpack,un-[pack],4
unread,un-[read],4
uproot,up-[root],4
warmly,[warm]-ly,4
accidentally,[accident]-ally,3
accomplishment,[accomplish]-ment,3
achiever,[achieve]-er,3
adaptive,[adapt]-ive,3
admirer,[admire]-er,3
agreeable,[agree]-able,3
angler,[angle]-er,3
anticipation,[anticipate]-ion,3
appointment,[appoint]-ment,3
armory,[arm]-ory,3
assertive,[assert]-ive,3
athletics,[athlete]-ics,3
attacker,[attack]-er,3
automation,auto-[mate]-ion,3
backlog,back-[log],3
batter,[bat]-er,3
betrayal,[betray]-al,3
blindness,[blind]-ness,3
blockage,[block]-age,3
bouncer,[bounce]-er,3
breathable,[breath]-able,3
bypass,by-[pass],3
cavern,[cave]-ern,3
characterize,[character]-ize,3
cleanly,[clean]-ly,3
codify,[code]-ify,3
compensation,[compensate]-ion,3
compensatory,[compensate]-ory,3
concealment,[conceal]-ment,3
connector,[connect]-or,3
contractor,[contract]-or,3
curie,[cure]-ie,3
darken,[dark]-en,3
defender,[defend]-er,3
demerit,de-[merit],3
deprivation,de-[private]-ion,3
detour,de-[tour],3
devalue,de-[value],3
devotion,[devote]-ion,3
dimensional,[dimension]-al,3
disapproval,dis-[approve]-al,3
disengage,dis-[engage],3
disregard,dis-[regard],3
diver,[dive]-er,3
drawer,[draw]-er,3
electrode,[electr]-ode,3
elevation,[elevate]-ion,3
enlarge,en-[large],3
enlist,en-[list],3
escalation,[escalate]-ion,3
establishment,[establish]-ment,3
expertly,[expert]-ly,3
fasten,[fast]-en,3
fatherhood,[father]-hood,3
filler,[fill]-er,3
firmness,[firm]-ness,3
folder,[fold]-er,3
foreseeable,fore-[see]-able,3
fossilize,[fossil]-ize,3
fourth,[four]-th,3
fruitful,[fruit]-ful,3
gentleness,[gentle]-ness,3
holder,[hold]-er,3
humanoid,[human]-oid,3
impair,im-[pair],3
impairment,im-[pair]-ment,3
impart,im-[part],3
impatient,im-[patient],3
indefinite,in-[define]-ite,3
indication,[indicate]-ion,3
indistinguishable,in-[distinguish]-able,3
inefficiency,in-[efficiency],3
inefficient,in-[efficient],3
insecure,in-[secure],3
instrumental,[instrument]-al,3
intensely,[intense]-ly,3
interface,inter-[face],3
interpretive,[interpret]-ive,3
interviewer,[interview]-er,3
invalid,in-[valid],3
laborious,[labor]-ious,3
lastly,[last]-ly,3
leaflet,[leaf]-let,3
lighten,[light]-en,3
malfunction,mal-[function],3
manipulation,[manipulate]-ion,3
marginal,[margin]-al,3
metric,[metre]-ic,3
midwest,mid-[west],3
mistranslate,mis-[translate],3
mountaineer,[mountain]-eer,3
multiplayer,multi-[play]-er,3
narrowly,[narrow]-ly,3
neatly,[neat]-ly,3
nightly,[night]-ly,3
obligate,[oblige]-ate,3
oddity,[odd]-ity,3
offline,off-[line],3
onset,on-[set],3
outstrip,out-[strip],3
outwardly,out-[ward]-ly,3
overrun,over-[run],3
passer,[pass]-er,3
planter,[plant]-er,3
politics,[polite]-ics,3
ponder,[pond]-er,3
preferable,[prefer]-able,3
premature,pre-[mate]-ure,3
priceless,[price]-less,3
programmer,[program]-er,3
prolific,pro-[life]-ic,3
purchaser,[purchase]-er,3
purposeful,[purpose]-ful,3
randomly,[random]-ly,3
recharge,re-[charge],3
recite,re-[cite],3
recount,re-[count],3
recreation,re-[create]-ion,3
recruitment,[recruit]-ment,3
redraw,re-[draw],3
referral,[refer]-al,3
refresh,re-[fresh],3
refund,re-[fund],3
remedial,[remedy]-al,3
repeatable,[repeat]-able,3
replaceable,re-[place]-able,3
resell,re-[sell],3
restrictive,re-[strict]-ive,3
retool,re-[tool],3
revisit,re-[visit],3
rewire,re-[wire],3
richard,[rich]-ard,3
richly,[rich]-ly,3
secretly,[secret]-ly,3
secularism,[secular]-ism,3
securely,[secure]-ly,3
seizure,[seize]-ure,3
selfish,[self]-ish,3
severity,[severe]-ity,3
sleepless,[sleep]-less,3
solidity,[solid]-ity,3
starter,[start]-er,3
stiffness,[stiff]-ness,3
stillness,[still]-ness,3
striker,[strike]-er,3
submerge,sub-[merge],3
submissive,sub-[miss]-ive,3
succession,[success]-ion,3
supernatural,super-[nature]-al,3
suspension,sus-[pension],3
suspicion,su-[spice]-ion,3
tabloid,[table]-oid,3
taker,[take]-er,3
texture,[text]-ure,3
tidiness,[tidy]-ness,3
trainee,[train]-ee,3
treatable,[treat]-able,3
turner,[turn]-er,3
uncommon,un-[common],3
undergraduate,under-[graduate],3
underpin,under-[pin],3
unease,un-[ease],3
uneven,un-[even],3
universe,uni-[verse],3
unlock,un-[lock],3
unremarkable,un-[remark]-able,3
unrepeatable,un-[repeat]-able,3
unsettle,un-[settle],3
unsuccessful,un-[success]-ful,3
unteach,un-[teach],3
unusable,un-[use]-able,3
unusually,un-[usual]-ly,3
unwell,un-[well],3
updraft,up-[draft],3
virtually,[virtue]-ally,3
walker,[walk]-er,3
washable,[wash]-able,3
waver,[wave]-er,3
wireless,[wire]-less,3
workable,[work]-able,3
worldly,[world]-ly,3
abalone,ab-[alone],2
abandonment,[abandon]-ment,2
abnormal,ab-[norm]-al,2
acidic,[acid]-ic,2
admirable,[admire]-able,2
attainment,[attain]-ment,2
backfire,back-[fire],2
backwater,back-[water],2
barium,[bar]-ium,2
becalm,be-[calm],2
bespeak,be-[speak],2
blindfold,[blind]-fold,2
boiler,[boil]-er,2
bowler,[bowl]-er,2
brighten,[bright]-en,2
brightly,[bright]-ly,2
burdensome,[burden]-some,2
burial,[bury]-al,2
campaigner,[campaign]-er,2
campus,[camp]-us,2
centrally,[centre]-ally,2
cheaply,[cheap]-ly,2
cheerful,[cheer]-ful,2
chiefly,[chief]-ly,2
clinician,[clinic]-ian,2
comet,[come]-et,2
comparable,[compare]-able,2
conditional,[condition]-al,2
confusion,[confuse]-ion,2
congratulation,[congratulate]-ion,2
continual,[continue]-al,2
continuity,[continue]-ity,2
controllable,[control]-able,2
controller,[control]-er,2
culturally,[culture]-ally,2
curiously,[curious]-ly,2
custodial,[custody]-al,2
cyclic,[cycle]-ic,2
decease,de-[cease],2
definite,[define]-ite,2
descriptor,de-[script]-or,2
desperation,[desperate]-ion,2
despotic,de-[spot]-ic,2
detectable,[detect]-able,2
determinate,[determine]-ate,2
detriment,de-[try]-ment,2
digitize,[dig]-itize,2
disarray,dis-[array],2
disband,dis-[band],2
disconnection,dis-[connect]-ion,2
displeasure,dis-[please]-ure,2
disrespect,dis-[respect],2
disrespectful,dis-[respect]-ful,2
distributor,dis-[tribute]-or,2
diversion,[diverse]-ion,2
downright,down-[right],2
downtime,down-[time],2
droplet,[drop]-let,2
dysfunction,dys-[function],2
eater,[eat]-er,2
elsie,[else]-ie,2
embarrassment,[embarrass]-ment,2
encase,en-[case],2
enclose,en-[close],2
enclosure,en-[close]-ure,2
engross,en-[gross],2
enlistment,en-[list]-ment,2
entrust,en-[trust],2
evidently,[evident]-ly,2
exclaim,ex-[claim],2
exertion,[exert]-ion,2
fabricate,[fabric]-ate,2
facade,[face]-ade,2
faction,[fact]-ion,2
fatten,[fat]-en,2
fighter,[fight]-er,2
fixate,[fix]-ate,2
foreground,fore-[ground],2
foreman,fore-[man],2
fortunate,[fortune]-ate,2
fourteen,[four]-teen,2
fragility,[fragile]-ity,2
freshly,[fresh]-ly,2
freshness,[fresh]-ness,2
gazette,[gaze]-ette,2
goddess,[god]-ess,2
grower,[grow]-er,2
halftime,half-[time],2
hardly,[hard]-ly,2
herbivore,[herb]-ivore,2
hospitality,[hospital]-ity,2
imaginable,[imagine]-able,2
immensely,[immense]-ly,2
impetus,im-[pet]-us,2
impurity,im-[pure]-ity,2
inaction,in-[act]-ion,2
inborn,in-[born],2
inbox,in-[box],2
incapable,in-[cap]-able,2
inconsiderate,in-[consider]-ate,2
indoor,in-[door],2
inescapable,in-[escape]-able,2
inexpensive,in-[expense]-ive,2
inflow,in-[flow],2
informally,[inform]-ally,2
ingenious,in-[gen]-ious,2
insider,in-[side]-er,2
insidious,in-[side]-ious,2
insincere,in-[sincere],2
intent,in-[tent],2
interconnection,inter-[connect]-ion,2
interweave,inter-[weave],2
issuance,[issue]-ance,2
keenly,[keen]-ly,2
kingdom,[king]-dom,2
lawful,[law]-ful,2
lawless,[law]-less,2
legality,[legal]-ity,2
lengthen,[length]-en,2
lessen,[less]-en,2
locker,[lock]-er,2
loser,[lose]-er,2
loudness,[loud]-ness,2
lovable,[love]-able,2
malice,[male]-ice,2
midpoint,mid-[point],2
misfortune,mis-[fortune],2
mismanage,mis-[man]-age,2
misprint,mis-[print],2
mixer,[mix]-er,2
modestly,[modest]-ly,2
monumental,[monument]-al,2
motherhood,[mother]-hood,2
motorize,[motor]-ize,2
offshore,off-[shore],2
outage,[out]-age,2
outfit,out-[fit],2
outgrow,out-[grow],2
outrageous,out-[rage]-ous,2
outrun,out-[run],2
overgrow,over-[grow],2
overlap,over-[lap],2
overlie,over-[lie],2
overstate,over-[state],2
overstuff,over-[stuff],2
passionate,[passion]-ate,2
peacock,[peace]-ock,2
periodic,[period]-ic,2
plainly,[plain]-ly,2
poisoner,[poison]-er,2
pollard,[poll]-ard,2
postgraduate,post-[graduate],2
postwar,post-[war],2
predate,pre-[date],2
prematurely,pre-[mature]-ly,2
preventable,[prevent]-able,2
primal,[prim]-al,2
proactive,pro-[act]-ive,2
procreation,pro-[create]-ion,2
proudly,[proud]-ly,2
publisher,[publish]-er,2
purist,[pure]-ist,2
purity,[pure]-ity,2
quadratic,quad-[rat]-ic,2
qualifier,[qualify]-er,2
questionnaire,[question]-aire,2
ration,[rate]-ion,2
rebirth,re-[birth],2
reclaim,re-[claim],2
reconnect,re-[connect],2
reddish,[red]-ish,2
rediscover,re-[discover],2
relegate,re-[leg]-ate,2
rematch,re-[match],2
reminder,re-[mind]-er,2
remission,re-[miss]-ion,2
remodel,re-[model],2
remortgage,re-[mortgage],2
removable,re-[move]-able,2
renewal,re-[new]-al,2
repairable,re-[pair]-able,2
repulsion,re-[pulse]-ion,2
resourceful,[resource]-ful,2
respectable,[respect]-able,2
respectful,[respect]-ful,2
responsive,[response]-ive,2
restart,re-[start],2
restless,[rest]-less,2
resurface,re-[surface],2
retention,re-[tent]-ion,2
reversal,re-[verse]-al,2
rhetorical,[rhetoric]-al,2
robber,[rob]-er,2
sameness,[same]-ness,2
seeker,[seek]-er,2
selector,[select]-or,2
seventeen,[seven]-teen,2
sharpness,[sharp]-ness,2
sicken,[sick]-en,2
sincerity,[sincere]-ity,2
sizable,[size]-able,2
skyward,[sky]-ward,2
softly,[soft]-ly,2
softness,[soft]-ness,2
solitude,[sole]-itude,2
soundness,[sound]-ness,2
steadiness,[steady]-ness,2
steeply,[steep]-ly,2
steepness,[steep]-ness,2
stylish,[style]-ish,2
subtitle,sub-[title],2
superbly,[superb]-ly,2
superiority,[superior]-ity,2
sussex,sus-[sex],2
symbolism,[symbol]-ism,2
syntax,syn-[tax],2
tenet,[ten]-et,2
tenth,[ten]-th,2
testable,[test]-able,2
tester,[test]-er,2
textile,[text]-ile,2
thoroughness,[thorough]-ness,2
thoughtless,[thought]-less,2
throughput,through-[put],2
toughness,[tough]-ness,2
translator,[translate]-or,2
transporter,trans-[port]-er,2
unbearable,un-[bear]-able,2
unclean,un-[clean],2
unconsciously,un-[conscious]-ly,2
uncontrollable,un-[control]-able,2
underdevelop,under-[develop],2
underfoot,under-[foot],2
undesirable,un-[desire]-able,2
unearthly,un-[earth]-ly,2
unethical,un-[ethic]-al,2
unfortunate,un-[fortune]-ate,2
unfriendly,un-[friend]-ly,2
uniqueness,[unique]-ness,2
unjust,un-[just],2
unlearn,un-[learn],2
unmask,un-[mask],2
unnatural,un-[nature]-al,2
unnaturally,un-[nature]-ally,2
unnerve,un-[nerve],2
unplug,un-[plug],2
unready,un-[ready],2
unreal,un-[real],2
unrest,un-[rest],2
unstop,un-[stop],2
untidiness,un-[tidy]-ness,2
untruth,un-[truth],2
unwise,un-[wise],2
upfront,up-[front],2
upside,up-[side],2
upsurge,up-[surge],2
vastly,[vast]-ly,2
watchful,[watch]-ful,2
wetness,[wet]-ness,2
windward,[wind]-ward,2
wrongful,[wrong]-ful,2
abusive,[abuse]-ive,1
adoption,[adopt]-ion,1
advisable,[advise]-able,1
adviser,[advise]-er,1
advisor,[advise]-or,1
advisory,[advise]-ory,1
aimless,[aim]-less,1
alertness,[alert]-ness,1
allegiance,[allege]-iance,1
answerable,[answer]-able,1
antibody,anti-[body],1
approachable,[approach]-able,1
athletic,[athlete]-ic,1
attendant,[attend]-ant,1
authorize,[author]-ize,1
automotive,auto-[motive],1
backer,[back]-er,1
bandage,[band]-age,1
betterment,[better]-ment,1
bitterness,[bitter]-ness,1
blender,[blend]-er,1
blindly,[blind]-ly,1
boastful,[boast]-ful,1
boldly,[bold]-ly,1
boldness,[bold]-ness,1
booster,[boost]-er,1
busily,[busy]-ly,1
bystander,by-[stand]-er,1
callous,[call]-ous,1
camper,[camp]-er,1
canteen,[can]-teen,1
casually,[casual]-ly,1
catcher,[catch]-er,1
causal,[cause]-al,1
ceaseless,[cease]-less,1
cellar,[cell]-ar,1
cellist,[cell]-ist,1
charger,[charge]-er,1
cheapness,[cheap]-ness,1
cleaner,[clean]-er,1
cleverly,[clever]-ly,1
climatic,[climate]-ic,1
cloudless,[cloud]-less,1
coldness,[cold]-ness,1
combative,[combat]-ive,1
commencement,[commence]-ment,1
compassionate,[compassion]-ate,1
compliance,[comply]-ance,1
compliment,[comply]-ment,1
conveyer,[convey]-er,1
cooker,[cook]-er,1
correctable,[correct]-able,1
correctness,[correct]-ness,1
countable,[count]-able,1
cruellest,[cruel]-est,1
cupful,[cup]-ful,1
curable,[cure]-able,1
dancer,[dance]-er,1
dealer,[deal]-er,1
debase,de-[base],1
debug,de-[bug],1
defiance,[defy]-ance,1
denial,[deny]-al,1
density,[dense]-ity,1
depositor,[deposit]-or,1
derail,de-[rail],1
detention,de-[tent]-ion,1
detonate,de-[tone]-ate,1
disable,dis-[able],1
disadvantageous,dis-[advantage]-ous,1
disapprove,dis-[approve],1
disclose,dis-[close],1
discontinue,dis-[continue],1
discouragement,dis-[courage]-ment,1
disengagement,dis-[engage]-ment,1
disgrace,dis-[grace],1
disgraceful,dis-[grace]-ful,1
displacement,dis-[place]-ment,1
dispose,dis-[pose],1
distinctly,[distinct]-ly,1
distinguishable,[distinguish]-able,1
distrustful,dis-[trust]-ful,1
doubtful,[doubt]-ful,1
downhill,down-[hill],1
dryness,[dry]-ness,1
dullness,[dull]-ness,1
dysfunctional,dys-[function]-al,1
eagerly,[eager]-ly,1
earnest,[earn]-est,1
edition,[edit]-ion,1
enactment,en-[act]-ment,1
encircle,en-[circle],1
endorsement,[endorse]-ment,1
enlargement,en-[large]-ment,1
entail,en-[tail],1
ethically,[ethic]-ally,1
everest,[ever]-est,1
exactness,[exact]-ness,1
exaggeration,[exaggerate]-ion,1
examiner,[examine]-er,1
execution,[execute]-ion,1
expandable,[expand]-able,1
expiration,ex-[pirate]-ion,1
explicitly,[explicit]-ly,1
exporter,ex-[port]-er,1
familial,[family]-al,1
flatter,[flat]-er,1
fondly,[fond]-ly,1
forebear,fore-[bee]-ar,1
foreclose,fore-[close],1
forefinger,fore-[finger],1
foresight,fore-[sight],1
formality,[formal]-ity,1
fullness,[full]-ness,1
gladly,[glad]-ly,1
gutter,[gut]-er,1
harshness,[harsh]-ness,1
healthful,[health]-ful,1
heartless,[heart]-less,1
helper,[help]-er,1
heroic,[hero]-ic,1
homely,[home]-ly,1
homeward,[home]-ward,1
hopeless,[hope]-less,1
hourly,[hour]-ly,1
humanly,[human]-ly,1
idealize,[ideal]-ize,1
ignorant,[ignore]-ant,1
immature,im-[mate]-ure,1
immeasurable,im-[measure]-able,1
immoral,im-[more]-al,1
immorally,im-[more]-ally,1
impersonal,im-[person]-al,1
impolite,im-[pole]-ite,1
imprison,im-[prison],1
improper,im-[proper],1
impure,im-[pure],1
inadvisable,in-[advise]-able,1
inbound,in-[bound],1
incomparable,in-[compare]-able,1
inexperience,in-[experience],1
infinity,in-[fine]-ity,1
infrared,infra-[red],1
infrequent,in-[frequent],1
ingrain,in-[grain],1
injustice,in-[just]-ice,1
insignia,in-[sign]-ia,1
instill,in-[still],1
interchange,inter-[change],1
interrelate,inter-[relate],1
invader,[invade]-er,1
invulnerable,in-[vulnerable],1
inwardly,in-[ward]-ly,1
joyful,[joy]-ful,1
joyless,[joy]-less,1
jumper,[jump]-er,1
lately,[late]-ly,1
leakage,[leak]-age,1
likeness,[like]-ness,1
limitless,[limit]-less,1
linen,[line]-en,1
loosely,[loose]-ly,1
lowly,[low]-ly,1
lyricist,[lyric]-ist,1
majorly,[major]-ly,1
manipulative,[manipulate]-ive,1
manipulator,[manipulate]-or,1
marginally,[margin]-ally,1
masterful,[master]-ful,1
medicinal,[medicine]-al,1
merciless,[mercy]-less,1
microscopic,micro-[scope]-ic,1
midway,mid-[way],1
millisecond,milli-[second],1
minnow,min-[now],1
misbehave,mis-[behave],1
misfire,mis-[fire],1
misguide,mis-[guide],1
misjudge,mis-[judge],1
misplace,mis-[place],1
mistreat,mis-[treat],1
mobility,[mobile]-ity,1
modernize,[modern]-ize,1
monotonous,mono-[ton]-ous,1
motionless,[motion]-less,1
mouthful,[mouth]-ful,1
murderer,[murder]-er,1
nicely,[nice]-ly,1
nonprofit,non-[profit],1
nonstop,non-[stop],1
obsession,[obsess]-ion,1
offside,off-[side],1
olden,[old]-en,1
onlooker,on-[look]-er,1
outlaw,out-[law],1
outplay,out-[play],1
outrank,out-[rank],1
outskirt,out-[skirt],1
overboard,over-[board],1
overhear,over-[hear],1
overstock,over-[stock],1
overwrite,over-[write],1
pager,[page]-er,1
parallelism,[parallel]-ism,1
passivity,[passive]-ity,1
pensioner,[pension]-er,1
picker,[pick]-er,1
pointer,[point]-er,1
polar,[pole]-ar,1
postal,[post]-al,1
predatory,pre-[date]-ory,1
prefabricate,pre-[fabric]-ate,1
prepay,pre-[pay],1
preschooler,pre-[school]-er,1
presentable,[present]-able,1
printer,[print]-er,1
probable,[prob]-able,1
procure,pro-[cure],1
promptly,[prompt]-ly,1
propagate,pro-[page]-ate,1
propulsion,pro-[pulse]-ion,1
purify,[pure]-ify,1
quintessence,quint-[essence],1
rarity,[rare]-ity,1
rationality,[rational]-ity,1
reactive,re-[act]-ive,1
recurrent,re-[current],1
redirection,re-[direct]-ion,1
reestablish,re-[establish],1
regretful,[regret]-ful,1
reinterpret,re-[interpret],1
relearn,re-[learn],1
reluctantly,[reluctant]-ly,1
reopen,re-[open],1
reorganize,re-[organ]-ize,1
reprint,re-[print],1
reputable,re-[put]-able,1
rerun,re-[run],1
restorer,[restore]-er,1
resupply,re-[supply],1
retrievable,[retrieve]-able,1
retrieval,[retrieve]-al,1
roomful,[room]-ful,1
rudeness,[rude]-ness,1
saleable,[sale]-able,1
saver,[save]-er,1
scenic,[scene]-ic,1
scorer,[score]-er,1
shameful,[shame]-ful,1
shapeless,[shape]-less,1
shyness,[shy]-ness,1
sitter,[sit]-er,1
slowness,[slow]-ness,1
smallness,[small]-ness,1
soonest,[soon]-est,1
soundly,[sound]-ly,1
spaceship,[space]-ship,1
spinal,[spin]-al,1
spoilage,[spoil]-age,1
statistically,[statistic]-ally,1
sticker,[stick]-er,1
straighten,[straight]-en,1
subgroup,sub-[group],1
subside,sub-[side],1
subsidize,sub-[side]-ize,1
subway,sub-[way],1
supercomputer,super-[compute]-er,1
superfluous,super-[flu]-ous,1
supremely,[supreme]-ly,1
suspend,su-[spend],1
sweetness,[sweet]-ness,1
teachable,[teach]-able,1
tenderness,[tender]-ness,1
thickness,[thick]-ness,1
timeless,[time]-less,1
tireless,[tire]-less,1
toughen,[tough]-en,1
traceable,[trace]-able,1
transmitter,[transmit]-er,1
tremendously,[tremendous]-ly,1
unaccountable,un-[account]-able,1
unbalance,un-[balance],1
unbeatable,un-[beat]-able,1
uncountable,un-[count]-able,1
uncut,un-[cut],1
underline,under-[line],1
underrate,[under]-ate,1
undersea,under-[sea],1
undue,un-[due],1
unhelpful,un-[help]-ful,1
unhook,un-[hook],1
uniformly,uni-[form]-ly,1
unkind,un-[kind],1
unreadable,un-[read]-able,1
unsteadily,un-[steady]-ly,1
untidy,un-[tidy],1
untie,un-[tie],1
untrue,un-[true],1
unwind,un-[wind],1
uphold,up-[hold],1
vagueness,[vague]-ness,1
validate,[valid]-ate,1
validity,[valid]-ity,1
vertically,[vertical]-ly,1
virtuous,[virtue]-ous,1
vitality,[vital]-ity,1
vitally,[vital]-ly,1
warren,[war]-en,1
weakly,[weak]-ly,1
wrapper,[wrap]-er,1
