kieu_ket_hop,cong_thuc,tu_moi_phat_hien
root+root (compound),accept+able,acceptable
root+root (compound),accident+ally,accidentally
root+root (compound),account+able,accountable
root+root (compound),adapt+able,adaptable
root+root (compound),address+able,addressable
root+root (compound),after+birth,afterbirth
root+root (compound),after+care,aftercare
root+root (compound),after+life,afterlife
root+root (compound),after+noon,afternoon
root+root (compound),after+shock,aftershock
root+root (compound),after+taste,aftertaste
root+root (compound),after+thought,afterthought
root+root (compound),after+ward,afterward
root+root (compound),after+word,afterword
root+root (compound),agree+able,agreeable
root+root (compound),alien+able,alienable
root+root (compound),allow+able,allowable
root+root (compound),alter+able,alterable
root+root (compound),alter+nation,alternation
root+root (compound),alter+native,alternative
root+root (compound),amend+able,amendable
root+root (compound),anchor+person,anchorperson
root+root (compound),anchor+woman,anchorwoman
root+root (compound),angle+worm,angleworm
root+root (compound),answer+able,answerable
root+root (compound),apple+sauce,applesauce
root+root (compound),approach+able,approachable
root+root (compound),assign+able,assignable
root+root (compound),attain+able,attainable
root+root (compound),author+ship,authorship
root+root (compound),auto+immune,autoimmune
root+root (compound),auto+mate,automate
root+root (compound),auto+mobile,automobile
root+root (compound),auto+motive,automotive
root+root (compound),auto+pilot,autopilot
root+root (compound),automatic+ally,automatically
root+root (compound),avoid+able,avoidable
root+root (compound),back+bite,backbite
root+root (compound),back+date,backdate
root+root (compound),back+field,backfield
root+root (compound),back+fire,backfire
root+root (compound),back+less,backless
root+root (compound),back+rest,backrest
root+root (compound),back+slide,backslide
root+root (compound),back+spin,backspin
root+root (compound),back+stop,backstop
root+root (compound),back+stretch,backstretch
root+root (compound),back+track,backtrack
root+root (compound),back+ward,backward
root+root (compound),back+wash,backwash
root+root (compound),base+less,baseless
root+root (compound),bath+house,bathhouse
root+root (compound),bear+able,bearable
root+root (compound),bird+house,birdhouse
root+root (compound),birth+stone,birthstone
root+root (compound),blame+less,blameless
root+root (compound),blind+side,blindside
root+root (compound),block+chain,blockchain
root+root (compound),blood+less,bloodless
root+root (compound),blood+mobile,bloodmobile
root+root (compound),blue+grass,bluegrass
root+root (compound),blue+nose,bluenose
root+root (compound),bone+less,boneless
root+root (compound),book+mobile,bookmobile
root+root (compound),book+store,bookstore
root+root (compound),boot+less,bootless
root+root (compound),bottom+less,bottomless
root+root (compound),bound+less,boundless
root+root (compound),brain+less,brainless
root+root (compound),break+able,breakable
root+root (compound),breath+able,breathable
root+root (compound),breath+less,breathless
root+root (compound),broad+band,broadband
root+root (compound),busy+work,busywork
root+root (compound),call+able,callable
root+root (compound),camera+woman,camerawoman
root+root (compound),canvas+back,canvasback
root+root (compound),canvas+sing,canvassing
root+root (compound),care+less,careless
root+root (compound),case+load,caseload
root+root (compound),cash+back,cashback
root+root (compound),cash+mere,cashmere
root+root (compound),cast+rate,castrate
root+root (compound),cause+less,causeless
root+root (compound),cease+fire,ceasefire
root+root (compound),cease+less,ceaseless
root+root (compound),champion+ship,championship
root+root (compound),change+able,changeable
root+root (compound),change+over,changeover
root+root (compound),charge+able,chargeable
root+root (compound),check+room,checkroom
root+root (compound),cheer+less,cheerless
root+root (compound),child+care,childcare
root+root (compound),child+less,childless
root+root (compound),child+proof,childproof
root+root (compound),citizen+ship,citizenship
root+root (compound),class+less,classless
root+root (compound),clean+sing,cleansing
root+root (compound),clinic+ally,clinically
root+root (compound),clock+wise,clockwise
root+root (compound),cloud+less,cloudless
root+root (compound),clue+less,clueless
root+root (compound),collect+able,collectable
root+root (compound),color+blind,colorblind
root+root (compound),color+less,colorless
root+root (compound),comfort+able,comfortable
root+root (compound),comic+ally,comically
root+root (compound),condition+ally,conditionally
root+root (compound),confer+ring,conferring
root+root (compound),consider+able,considerable
root+root (compound),convention+ally,conventionally
root+root (compound),copy+left,copyleft
root+root (compound),correct+able,correctable
root+root (compound),count+able,countable
root+root (compound),count+less,countless
root+root (compound),counter+culture,counterculture
root+root (compound),counter+example,counterexample
root+root (compound),court+ship,courtship
root+root (compound),credit+able,creditable
root+root (compound),crimin+ally,criminally
root+root (compound),critic+ally,critically
root+root (compound),cross+beam,crossbeam
root+root (compound),cross+breed,crossbreed
root+root (compound),cross+check,crosscheck
root+root (compound),cross+fire,crossfire
root+root (compound),cross+over,crossover
root+root (compound),cross+piece,crosspiece
root+root (compound),cross+road,crossroad
root+root (compound),cross+town,crosstown
root+root (compound),cross+walk,crosswalk
root+root (compound),cross+wise,crosswise
root+root (compound),cross+word,crossword
root+root (compound),crowd+fund,crowdfund
root+root (compound),crystal+line,crystalline
root+root (compound),dead+beat,deadbeat
root+root (compound),death+less,deathless
root+root (compound),death+trap,deathtrap
root+root (compound),deck+hand,deckhand
root+root (compound),deep+fake,deepfake
root+root (compound),depart+mental,departmental
root+root (compound),detect+able,detectable
root+root (compound),develop+mental,developmental
root+root (compound),dimension+less,dimensionless
root+root (compound),distinguish+able,distinguishable
root+root (compound),domestic+ally,domestically
root+root (compound),doubt+less,doubtless
root+root (compound),down+beat,downbeat
root+root (compound),down+cast,downcast
root+root (compound),down+fall,downfall
root+root (compound),down+grade,downgrade
root+root (compound),down+hill,downhill
root+root (compound),down+load,download
root+root (compound),down+play,downplay
root+root (compound),down+pour,downpour
root+root (compound),down+right,downright
root+root (compound),down+scale,downscale
root+root (compound),down+size,downsize
root+root (compound),down+stage,downstage
root+root (compound),down+state,downstate
root+root (compound),down+stream,downstream
root+root (compound),down+swing,downswing
root+root (compound),down+time,downtime
root+root (compound),down+town,downtown
root+root (compound),down+turn,downturn
root+root (compound),down+ward,downward
root+root (compound),down+wind,downwind
root+root (compound),draw+string,drawstring
root+root (compound),dream+less,dreamless
root+root (compound),drink+able,drinkable
root+root (compound),dust+less,dustless
root+root (compound),dynamic+ally,dynamically
root+root (compound),earth+ward,earthward
root+root (compound),east+ward,eastward
root+root (compound),edge+wise,edgewise
root+root (compound),edit+able,editable
root+root (compound),effort+less,effortless
root+root (compound),employ+able,employable
root+root (compound),ethic+ally,ethically
root+root (compound),even+tide,eventide
root+root (compound),expand+able,expandable
root+root (compound),experiment+ally,experimentally
root+root (compound),face+less,faceless
root+root (compound),face+lift,facelift
root+root (compound),face+palm,facepalm
root+root (compound),faith+less,faithless
root+root (compound),fashion+able,fashionable
root+root (compound),father+less,fatherless
root+root (compound),fault+less,faultless
root+root (compound),fear+less,fearless
root+root (compound),feature+less,featureless
root+root (compound),fellow+ship,fellowship
root+root (compound),filter+able,filterable
root+root (compound),fire+fight,firefight
root+root (compound),fire+storm,firestorm
root+root (compound),fire+trap,firetrap
root+root (compound),fire+wall,firewall
root+root (compound),fish+bowl,fishbowl
root+root (compound),fish+hook,fishhook
root+root (compound),fish+tail,fishtail
root+root (compound),flat+boat,flatboat
root+root (compound),flat+test,flattest
root+root (compound),flavor+less,flavorless
root+root (compound),flaw+less,flawless
root+root (compound),flight+less,flightless
root+root (compound),foot+rest,footrest
root+root (compound),forget+table,forgettable
root+root (compound),form+ally,formally
root+root (compound),form+less,formless
root+root (compound),four+fold,fourfold
root+root (compound),four+score,fourscore
root+root (compound),free+base,freebase
root+root (compound),free+will,freewill
root+root (compound),friend+less,friendless
root+root (compound),friend+ship,friendship
root+root (compound),front+ally,frontally
root+root (compound),fruit+less,fruitless
root+root (compound),function+ally,functionally
root+root (compound),gang+lion,ganglion
root+root (compound),ghost+write,ghostwrite
root+root (compound),goal+tender,goaltender
root+root (compound),govern+able,governable
root+root (compound),govern+mental,governmental
root+root (compound),grace+less,graceless
root+root (compound),ground+less,groundless
root+root (compound),guilt+less,guiltless
root+root (compound),habit+able,habitable
root+root (compound),hair+less,hairless
root+root (compound),hand+spring,handspring
root+root (compound),hard+line,hardline
root+root (compound),hard+ship,hardship
root+root (compound),harm+less,harmless
root+root (compound),head+first,headfirst
root+root (compound),head+less,headless
root+root (compound),head+lock,headlock
root+root (compound),health+care,healthcare
root+root (compound),heart+land,heartland
root+root (compound),heart+less,heartless
root+root (compound),heaven+ward,heavenward
root+root (compound),help+less,helpless
root+root (compound),help+line,helpline
root+root (compound),high+tail,hightail
root+root (compound),home+body,homebody
root+root (compound),home+less,homeless
root+root (compound),home+page,homepage
root+root (compound),home+ring,homering
root+root (compound),home+room,homeroom
root+root (compound),home+stretch,homestretch
root+root (compound),home+ward,homeward
root+root (compound),honor+able,honorable
root+root (compound),hope+less,hopeless
root+root (compound),horn+less,hornless
root+root (compound),horse+hide,horsehide
root+root (compound),horse+tail,horsetail
root+root (compound),house+clean,houseclean
root+root (compound),house+husband,househusband
root+root (compound),house+plant,houseplant
root+root (compound),humor+less,humorless
root+root (compound),hundred+fold,hundredfold
root+root (compound),incur+able,incurable
root+root (compound),incur+ring,incurring
root+root (compound),infer+ring,inferring
root+root (compound),inform+ally,informally
root+root (compound),jail+break,jailbreak
root+root (compound),judge+mental,judgemental
root+root (compound),judge+ship,judgeship
root+root (compound),jump+suit,jumpsuit
root+root (compound),kick+stand,kickstand
root+root (compound),king+ship,kingship
root+root (compound),know+able,knowable
root+root (compound),lady+finger,ladyfinger
root+root (compound),lady+ship,ladyship
root+root (compound),land+fill,landfill
root+root (compound),land+line,landline
root+root (compound),land+mass,landmass
root+root (compound),land+ward,landward
root+root (compound),laugh+able,laughable
root+root (compound),leaf+less,leafless
root+root (compound),least+wise,leastwise
root+root (compound),left+most,leftmost
root+root (compound),length+wise,lengthwise
root+root (compound),letter+bomb,letterbomb
root+root (compound),life+less,lifeless
root+root (compound),life+style,lifestyle
root+root (compound),life+work,lifework
root+root (compound),like+able,likeable
root+root (compound),like+wise,likewise
root+root (compound),limb+less,limbless
root+root (compound),limit+less,limitless
root+root (compound),line+ally,lineally
root+root (compound),line+feed,linefeed
root+root (compound),list+less,listless
root+root (compound),live+able,liveable
root+root (compound),load+able,loadable
root+root (compound),load+star,loadstar
root+root (compound),load+stone,loadstone
root+root (compound),lock+able,lockable
root+root (compound),lock+step,lockstep
root+root (compound),logic+ally,logically
root+root (compound),lord+ship,lordship
root+root (compound),love+able,loveable
root+root (compound),love+less,loveless
root+root (compound),luck+less,luckless
root+root (compound),lyric+ally,lyrically
root+root (compound),magic+ally,magically
root+root (compound),mail+bomb,mailbomb
root+root (compound),main+frame,mainframe
root+root (compound),maintain+able,maintainable
root+root (compound),manage+able,manageable
root+root (compound),margin+ally,marginally
root+root (compound),market+able,marketable
root+root (compound),marriage+able,marriageable
root+root (compound),mass+acre,massacre
root+root (compound),match+book,matchbook
root+root (compound),match+less,matchless
root+root (compound),measure+less,measureless
root+root (compound),medal+lion,medallion
root+root (compound),melt+down,meltdown
root+root (compound),member+ship,membership
root+root (compound),mile+post,milepost
root+root (compound),mill+race,millrace
root+root (compound),mind+less,mindless
root+root (compound),mode+rate,moderate
root+root (compound),monument+ally,monumentally
root+root (compound),moon+shot,moonshot
root+root (compound),mother+board,motherboard
root+root (compound),mother+less,motherless
root+root (compound),motion+less,motionless
root+root (compound),motor+mouth,motormouth
root+root (compound),move+able,moveable
root+root (compound),music+ally,musically
root+root (compound),name+less,nameless
root+root (compound),nation+ally,nationally
root+root (compound),need+less,needless
root+root (compound),nerve+less,nerveless
root+root (compound),night+stick,nightstick
root+root (compound),noise+less,noiseless
root+root (compound),norm+ally,normally
root+root (compound),north+bound,northbound
root+root (compound),north+ward,northward
root+root (compound),notice+able,noticeable
root+root (compound),notice+board,noticeboard
root+root (compound),notion+ally,notionally
root+root (compound),number+less,numberless
root+root (compound),occasion+ally,occasionally
root+root (compound),occur+ring,occurring
root+root (compound),origin+ally,originally
root+root (compound),other+wise,otherwise
root+root (compound),over+achieve,overachieve
root+root (compound),over+balance,overbalance
root+root (compound),over+bear,overbear
root+root (compound),over+bite,overbite
root+root (compound),over+board,overboard
root+root (compound),over+book,overbook
root+root (compound),over+bore,overbore
root+root (compound),over+burden,overburden
root+root (compound),over+cast,overcast
root+root (compound),over+charge,overcharge
root+root (compound),over+clock,overclock
root+root (compound),over+coat,overcoat
root+root (compound),over+come,overcome
root+root (compound),over+compensate,overcompensate
root+root (compound),over+cook,overcook
root+root (compound),over+crowd,overcrowd
root+root (compound),over+dose,overdose
root+root (compound),over+draft,overdraft
root+root (compound),over+draw,overdraw
root+root (compound),over+dress,overdress
root+root (compound),over+drive,overdrive
root+root (compound),over+eager,overeager
root+root (compound),over+emphasize,overemphasize
root+root (compound),over+flow,overflow
root+root (compound),over+full,overfull
root+root (compound),over+generous,overgenerous
root+root (compound),over+grow,overgrow
root+root (compound),over+hand,overhand
root+root (compound),over+hang,overhang
root+root (compound),over+head,overhead
root+root (compound),over+hear,overhear
root+root (compound),over+heat,overheat
root+root (compound),over+indulge,overindulge
root+root (compound),over+kill,overkill
root+root (compound),over+land,overland
root+root (compound),over+load,overload
root+root (compound),over+long,overlong
root+root (compound),over+look,overlook
root+root (compound),over+lord,overlord
root+root (compound),over+much,overmuch
root+root (compound),over+night,overnight
root+root (compound),over+pass,overpass
root+root (compound),over+play,overplay
root+root (compound),over+power,overpower
root+root (compound),over+price,overprice
root+root (compound),over+print,overprint
root+root (compound),over+rate,overrate
root+root (compound),over+reach,overreach
root+root (compound),over+ride,override
root+root (compound),over+rule,overrule
root+root (compound),over+sell,oversell
root+root (compound),over+shadow,overshadow
root+root (compound),over+share,overshare
root+root (compound),over+shoe,overshoe
root+root (compound),over+shoot,overshoot
root+root (compound),over+shot,overshot
root+root (compound),over+sight,oversight
root+root (compound),over+size,oversize
root+root (compound),over+sleep,oversleep
root+root (compound),over+spend,overspend
root+root (compound),over+spill,overspill
root+root (compound),over+spread,overspread
root+root (compound),over+state,overstate
root+root (compound),over+stay,overstay
root+root (compound),over+step,overstep
root+root (compound),over+stock,overstock
root+root (compound),over+supply,oversupply
root+root (compound),over+take,overtake
root+root (compound),over+think,overthink
root+root (compound),over+thought,overthought
root+root (compound),over+throw,overthrow
root+root (compound),over+time,overtime
root+root (compound),over+tone,overtone
root+root (compound),over+turn,overturn
root+root (compound),over+view,overview
root+root (compound),over+work,overwork
root+root (compound),over+write,overwrite
root+root (compound),pain+less,painless
root+root (compound),pair+wise,pairwise
root+root (compound),panic+king,panicking
root+root (compound),pant+suit,pantsuit
root+root (compound),paper+girl,papergirl
root+root (compound),partner+ship,partnership
root+root (compound),pass+able,passable
root+root (compound),passion+less,passionless
root+root (compound),past+oral,pastoral
root+root (compound),peace+able,peaceable
root+root (compound),peer+less,peerless
root+root (compound),person+able,personable
root+root (compound),person+ally,personally
root+root (compound),pilot+house,pilothouse
root+root (compound),plan+king,planking
root+root (compound),play+able,playable
root+root (compound),play+list,playlist
root+root (compound),point+less,pointless
root+root (compound),pole+star,polestar
root+root (compound),port+able,portable
root+root (compound),post+date,postdate
root+root (compound),post+graduate,postgraduate
root+root (compound),post+modern,postmodern
root+root (compound),post+script,postscript
root+root (compound),power+less,powerless
root+root (compound),prefer+able,preferable
root+root (compound),prefer+ring,preferring
root+root (compound),present+able,presentable
root+root (compound),prevent+able,preventable
root+root (compound),price+less,priceless
root+root (compound),prim+rose,primrose
root+root (compound),print+able,printable
root+root (compound),prob+able,probable
root+root (compound),profit+able,profitable
root+root (compound),pronounce+able,pronounceable
root+root (compound),publish+able,publishable
root+root (compound),punch+line,punchline
root+root (compound),purpose+less,purposeless
root+root (compound),question+able,questionable
root+root (compound),rain+forest,rainforest
root+root (compound),reach+able,reachable
root+root (compound),read+able,readable
root+root (compound),read+just,readjust
root+root (compound),rear+range,rearrange
root+root (compound),rear+ward,rearward
root+root (compound),reason+able,reasonable
root+root (compound),rebel+lion,rebellion
root+root (compound),recover+able,recoverable
root+root (compound),refer+ring,referring
root+root (compound),regard+less,regardless
root+root (compound),region+ally,regionally
root+root (compound),regret+table,regrettable
root+root (compound),remark+able,remarkable
root+root (compound),repeat+able,repeatable
root+root (compound),respect+able,respectable
root+root (compound),rest+less,restless
root+root (compound),rest+rain,restrain
root+root (compound),rest+room,restroom
root+root (compound),return+able,returnable
root+root (compound),rhetoric+ally,rhetorically
root+root (compound),right+most,rightmost
root+root (compound),ring+tone,ringtone
root+root (compound),river+front,riverfront
root+root (compound),road+kill,roadkill
root+root (compound),road+show,roadshow
root+root (compound),road+work,roadwork
root+root (compound),roll+back,rollback
root+root (compound),romantic+ally,romantically
root+root (compound),root+less,rootless
root+root (compound),rough+house,roughhouse
root+root (compound),round+worm,roundworm
root+root (compound),sail+board,sailboard
root+root (compound),sail+fish,sailfish
root+root (compound),sale+able,saleable
root+root (compound),sand+castle,sandcastle
root+root (compound),scan+test,scantest
root+root (compound),school+yard,schoolyard
root+root (compound),score+less,scoreless
root+root (compound),season+able,seasonable
root+root (compound),season+ally,seasonally
root+root (compound),seed+less,seedless
root+root (compound),self+less,selfless
root+root (compound),sense+less,senseless
root+root (compound),shame+less,shameless
root+root (compound),shape+less,shapeless
root+root (compound),share+able,shareable
root+root (compound),shift+less,shiftless
root+root (compound),shock+proof,shockproof
root+root (compound),shop+talk,shoptalk
root+root (compound),short+change,shortchange
root+root (compound),short+list,shortlist
root+root (compound),short+wave,shortwave
root+root (compound),shrink+able,shrinkable
root+root (compound),side+real,sidereal
root+root (compound),side+wall,sidewall
root+root (compound),side+wise,sidewise
root+root (compound),sight+less,sightless
root+root (compound),sight+read,sightread
root+root (compound),sign+ally,signally
root+root (compound),silver+fish,silverfish
root+root (compound),sink+able,sinkable
root+root (compound),size+able,sizeable
root+root (compound),skin+less,skinless
root+root (compound),skin+tight,skintight
root+root (compound),slave+ring,slavering
root+root (compound),sleep+less,sleepless
root+root (compound),sleep+wear,sleepwear
root+root (compound),slide+show,slideshow
root+root (compound),slip+page,slippage
root+root (compound),slow+down,slowdown
root+root (compound),smart+watch,smartwatch
root+root (compound),smoke+less,smokeless
root+root (compound),snow+board,snowboard
root+root (compound),snow+mobile,snowmobile
root+root (compound),snow+shed,snowshed
root+root (compound),snow+suit,snowsuit
root+root (compound),soul+less,soulless
root+root (compound),soul+mate,soulmate
root+root (compound),sound+less,soundless
root+root (compound),south+ward,southward
root+root (compound),space+flight,spaceflight
root+root (compound),space+walk,spacewalk
root+root (compound),speech+less,speechless
root+root (compound),spell+check,spellcheck
root+root (compound),spine+less,spineless
root+root (compound),spirit+less,spiritless
root+root (compound),sponsor+ship,sponsorship
root+root (compound),spoon+bill,spoonbill
root+root (compound),sport+swear,sportswear
root+root (compound),spot+less,spotless
root+root (compound),stage+hand,stagehand
root+root (compound),star+less,starless
root+root (compound),star+ring,starring
root+root (compound),state+house,statehouse
root+root (compound),state+less,stateless
root+root (compound),state+side,stateside
root+root (compound),statistic+ally,statistically
root+root (compound),step+parent,stepparent
root+root (compound),stir+ring,stirring
root+root (compound),stop+light,stoplight
root+root (compound),stop+page,stoppage
root+root (compound),straight+edge,straightedge
root+root (compound),sugar+coat,sugarcoat
root+root (compound),sugar+less,sugarless
root+root (compound),suit+able,suitable
root+root (compound),support+able,supportable
root+root (compound),swallow+tail,swallowtail
root+root (compound),switch+able,switchable
root+root (compound),tactic+ally,tactically
root+root (compound),tail+coat,tailcoat
root+root (compound),tail+less,tailless
root+root (compound),tail+pipe,tailpipe
root+root (compound),taste+less,tasteless
root+root (compound),teach+able,teachable
root+root (compound),test+able,testable
root+root (compound),thank+less,thankless
root+root (compound),thin+king,thinking
root+root (compound),thin+nest,thinnest
root+root (compound),thought+less,thoughtless
root+root (compound),three+fold,threefold
root+root (compound),three+score,threescore
root+root (compound),till+able,tillable
root+root (compound),time+less,timeless
root+root (compound),time+line,timeline
root+root (compound),time+scale,timescale
root+root (compound),time+zone,timezone
root+root (compound),tire+less,tireless
root+root (compound),tone+less,toneless
root+root (compound),tooth+less,toothless
root+root (compound),topic+ally,topically
root+root (compound),town+house,townhouse
root+root (compound),town+ship,township
root+root (compound),trace+able,traceable
root+root (compound),tradition+ally,traditionally
root+root (compound),traffic+king,trafficking
root+root (compound),tragic+ally,tragically
root+root (compound),transfer+able,transferable
root+root (compound),transfer+ring,transferring
root+root (compound),transmit+table,transmittable
root+root (compound),treat+able,treatable
root+root (compound),tree+less,treeless
root+root (compound),trouble+shot,troubleshot
root+root (compound),truck+load,truckload
root+root (compound),tube+less,tubeless
root+root (compound),tune+less,tuneless
root+root (compound),under+achieve,underachieve
root+root (compound),under+brush,underbrush
root+root (compound),under+charge,undercharge
root+root (compound),under+class,underclass
root+root (compound),under+coat,undercoat
root+root (compound),under+cover,undercover
root+root (compound),under+current,undercurrent
root+root (compound),under+feed,underfeed
root+root (compound),under+flow,underflow
root+root (compound),under+foot,underfoot
root+root (compound),under+graduate,undergraduate
root+root (compound),under+ground,underground
root+root (compound),under+hand,underhand
root+root (compound),under+line,underline
root+root (compound),under+mine,undermine
root+root (compound),under+most,undermost
root+root (compound),under+pass,underpass
root+root (compound),under+play,underplay
root+root (compound),under+rate,underrate
root+root (compound),under+score,underscore
root+root (compound),under+secretary,undersecretary
root+root (compound),under+sell,undersell
root+root (compound),under+shirt,undershirt
root+root (compound),under+shoot,undershoot
root+root (compound),under+shot,undershot
root+root (compound),under+side,underside
root+root (compound),under+sign,undersign
root+root (compound),under+size,undersize
root+root (compound),under+skirt,underskirt
root+root (compound),under+stand,understand
root+root (compound),under+state,understate
root+root (compound),under+take,undertake
root+root (compound),under+tone,undertone
root+root (compound),under+value,undervalue
root+root (compound),under+water,underwater
root+root (compound),under+wear,underwear
root+root (compound),under+world,underworld
root+root (compound),under+write,underwrite
root+root (compound),understand+able,understandable
root+root (compound),value+less,valueless
root+root (compound),voice+less,voiceless
root+root (compound),voice+mail,voicemail
root+root (compound),wage+ring,wagering
root+root (compound),wash+able,washable
root+root (compound),waste+paper,wastepaper
root+root (compound),water+board,waterboard
root+root (compound),water+craft,watercraft
root+root (compound),wave+form,waveform
root+root (compound),wave+ring,wavering
root+root (compound),weak+fish,weakfish
root+root (compound),weapon+less,weaponless
root+root (compound),wear+able,wearable
root+root (compound),west+ward,westward
root+root (compound),white+fish,whitefish
root+root (compound),white+wall,whitewall
root+root (compound),wild+flower,wildflower
root+root (compound),wind+burn,windburn
root+root (compound),wind+ward,windward
root+root (compound),wing+less,wingless
root+root (compound),winter+green,wintergreen
root+root (compound),wire+less,wireless
root+root (compound),wise+acre,wiseacre
root+root (compound),work+able,workable
root+root (compound),work+flow,workflow
root+root (compound),work+force,workforce
root+root (compound),work+load,workload
root+root (compound),work+place,workplace
root+root (compound),work+week,workweek
root+root (compound),worm+wood,wormwood
root+root (compound),worth+less,worthless
prefix+root,over-+achieve,overachieve
prefix+root,re-+admit,readmit
prefix+root,re-+ally,really
prefix+root,ab-+alone,abalone
prefix+root,in-+applicable,inapplicable
prefix+root,re-+apply,reapply
prefix+root,re-+appoint,reappoint
prefix+root,re-+assess,reassess
prefix+root,over-+bite,overbite
prefix+root,un-+block,unblock
prefix+root,back-+board,backboard
prefix+root,back-+bone,backbone
prefix+root,over-+book,overbook
prefix+root,su-+born,suborn
prefix+root,in-+capable,incapable
prefix+root,post-+card,postcard
prefix+root,be-+cause,because
prefix+root,de-+cease,decease
prefix+root,sur-+cease,surcease
prefix+root,mis-+chief,mischief
prefix+root,god-+child,godchild
prefix+root,micro-+chip,microchip
prefix+root,ex-+cite,excite
prefix+root,under-+class,underclass
prefix+root,sub-+class,subclass
prefix+root,over-+clock,overclock
prefix+root,in-+close,inclose
prefix+root,micro-+code,microcode
prefix+root,post-+code,postcode
prefix+root,re-+collect,recollect
prefix+root,tri-+color,tricolor
prefix+root,re-+combine,recombine
prefix+root,be-+come,become
prefix+root,re-+compile,recompile
prefix+root,in-+complete,incomplete
prefix+root,re-+connect,reconnect
prefix+root,re-+conquer,reconquer
prefix+root,semi-+conscious,semiconscious
prefix+root,in-+constant,inconstant
prefix+root,in-+convenience,inconvenience
prefix+root,in-+convenient,inconvenient
prefix+root,en-+core,encore
prefix+root,in-+correct,incorrect
prefix+root,re-+course,recourse
prefix+root,dis-+course,discourse
prefix+root,dis-+cover,discover
prefix+root,dia-+critic,diacritic
prefix+root,sub-+culture,subculture
prefix+root,epi-+cure,epicure
prefix+root,pro-+cure,procure
prefix+root,in-+curious,incurious
prefix+root,re-+current,recurrent
prefix+root,mega-+cycle,megacycle
prefix+root,uni-+cycle,unicycle
prefix+root,pre-+date,predate
prefix+root,god-+daughter,goddaughter
prefix+root,in-+decent,indecent
prefix+root,in-+deed,indeed
prefix+root,re-+design,redesign
prefix+root,in-+direct,indirect
prefix+root,in-+distinct,indistinct
prefix+root,en-+dive,endive
prefix+root,re-+doubt,redoubt
prefix+root,up-+draft,updraft
prefix+root,re-+draft,redraft
prefix+root,re-+draw,redraw
prefix+root,re-+dress,redress
prefix+root,back-+drop,backdrop
prefix+root,dis-+ease,disease
prefix+root,in-+efficiency,inefficiency
prefix+root,in-+efficient,inefficient
prefix+root,co-+efficient,coefficient
prefix+root,in-+elegant,inelegant
prefix+root,re-+emphasize,reemphasize
prefix+root,non-+empty,nonempty
prefix+root,de-+escalate,deescalate
prefix+root,non-+event,nonevent
prefix+root,in-+exact,inexact
prefix+root,pre-+exist,preexist
prefix+root,in-+experience,inexperience
prefix+root,in-+expert,inexpert
prefix+root,sur-+face,surface
prefix+root,in-+fancy,infancy
prefix+root,god-+father,godfather
prefix+root,de-+fault,default
prefix+root,mis-+feature,misfeature
prefix+root,under-+feed,underfeed
prefix+root,back-+field,backfield
prefix+root,de-+fine,define
prefix+root,re-+fine,refine
prefix+root,re-+finish,refinish
prefix+root,in-+firm,infirm
prefix+root,under-+flow,underflow
prefix+root,in-+form,inform
prefix+root,in-+formal,informal
prefix+root,re-+former,reformer
prefix+root,in-+former,informer
prefix+root,trans-+former,transformer
prefix+root,pro-+found,profound
prefix+root,in-+frequent,infrequent
prefix+root,up-+front,upfront
prefix+root,over-+full,overfull
prefix+root,dys-+function,dysfunction
prefix+root,de-+grade,degrade
prefix+root,back-+ground,background
prefix+root,back-+hand,backhand
prefix+root,re-+heat,reheat
prefix+root,re-+hire,rehire
prefix+root,in-+human,inhuman
prefix+root,non-+human,nonhuman
prefix+root,auto-+immune,autoimmune
prefix+root,re-+insert,reinsert
prefix+root,re-+join,rejoin
prefix+root,bi-+king,biking
prefix+root,in-+king,inking
prefix+root,co-+king,coking
prefix+root,di-+king,diking
prefix+root,mid-+land,midland
prefix+root,re-+late,relate
prefix+root,trans-+late,translate
prefix+root,ob-+late,oblate
prefix+root,pre-+late,prelate
prefix+root,di-+late,dilate
prefix+root,back-+less,backless
prefix+root,god-+less,godless
prefix+root,un-+less,unless
prefix+root,re-+liable,reliable
prefix+root,de-+light,delight
prefix+root,god-+like,godlike
prefix+root,in-+line,inline
prefix+root,on-+line,online
prefix+root,off-+line,offline
prefix+root,hyper-+link,hyperlink
prefix+root,de-+liver,deliver
prefix+root,up-+load,upload
prefix+root,down-+load,download
prefix+root,off-+load,offload
prefix+root,be-+long,belong
prefix+root,ob-+long,oblong
prefix+root,re-+main,remain
prefix+root,re-+mark,remark
prefix+root,post-+mark,postmark
prefix+root,up-+market,upmarket
prefix+root,post-+master,postmaster
prefix+root,re-+match,rematch
prefix+root,auto-+mate,automate
prefix+root,de-+mean,demean
prefix+root,re-+member,remember
prefix+root,non-+member,nonmember
prefix+root,re-+miss,remiss
prefix+root,pre-+miss,premiss
prefix+root,re-+mission,remission
prefix+root,trans-+mission,transmission
prefix+root,inter-+mission,intermission
prefix+root,sub-+mission,submission
prefix+root,super-+model,supermodel
prefix+root,post-+modern,postmodern
prefix+root,un-+moral,unmoral
prefix+root,re-+mortgage,remortgage
prefix+root,fore-+most,foremost
prefix+root,under-+most,undermost
prefix+root,al-+most,almost
prefix+root,god-+mother,godmother
prefix+root,de-+motion,demotion
prefix+root,pro-+motion,promotion
prefix+root,auto-+motive,automotive
prefix+root,de-+mount,demount
prefix+root,re-+number,renumber
prefix+root,re-+occupy,reoccupy
prefix+root,re-+occur,reoccur
prefix+root,inter-+office,interoffice
prefix+root,back-+pack,backpack
prefix+root,im-+pale,impale
prefix+root,im-+panel,impanel
prefix+root,trans-+parent,transparent
prefix+root,god-+parent,godparent
prefix+root,de-+part,depart
prefix+root,sur-+pass,surpass
prefix+root,re-+past,repast
prefix+root,by-+past,bypast
prefix+root,in-+patient,inpatient
prefix+root,sus-+pension,suspension
prefix+root,out-+perform,outperform
prefix+root,re-+petition,repetition
prefix+root,auto-+pilot,autopilot
prefix+root,up-+pity,uppity
prefix+root,ex-+plain,explain
prefix+root,im-+plant,implant
prefix+root,down-+play,downplay
prefix+root,by-+play,byplay
prefix+root,mis-+play,misplay
prefix+root,dis-+play,display
prefix+root,under-+play,underplay
prefix+root,non-+plus,nonplus
prefix+root,im-+port,import
prefix+root,ex-+pound,expound
prefix+root,im-+pound,impound
prefix+root,super-+power,superpower
prefix+root,re-+present,represent
prefix+root,im-+print,imprint
prefix+root,im-+prison,imprison
prefix+root,semi-+private,semiprivate
prefix+root,de-+program,deprogram
prefix+root,re-+program,reprogram
prefix+root,sub-+program,subprogram
prefix+root,re-+proof,reproof
prefix+root,re-+prove,reprove
prefix+root,im-+prove,improve
prefix+root,re-+public,republic
prefix+root,re-+publish,republish
prefix+root,im-+pulse,impulse
prefix+root,uni-+quest,uniquest
prefix+root,de-+range,derange
prefix+root,pro-+rate,prorate
prefix+root,be-+rate,berate
prefix+root,al-+ready,already
prefix+root,pre-+register,preregister
prefix+root,su-+rely,surely
prefix+root,su-+rest,surest
prefix+root,back-+rest,backrest
prefix+root,di-+rest,direst
prefix+root,de-+ride,deride
prefix+root,al-+right,alright
prefix+root,inter-+ring,interring
prefix+root,co-+ring,coring
prefix+root,ab-+road,abroad
prefix+root,sur-+round,surround
prefix+root,fore-+sail,foresail
prefix+root,up-+scale,upscale
prefix+root,down-+scale,downscale
prefix+root,ob-+scene,obscene
prefix+root,milli-+second,millisecond
prefix+root,in-+secure,insecure
prefix+root,re-+sell,resell
prefix+root,re-+send,resend
prefix+root,god-+send,godsend
prefix+root,re-+serve,reserve
prefix+root,ob-+serve,observe
prefix+root,over-+share,overshare
prefix+root,peri-+shed,perished
prefix+root,di-+shed,dished
prefix+root,after-+shock,aftershock
prefix+root,bi-+shop,bishop
prefix+root,under-+shot,undershot
prefix+root,pre-+shrink,preshrink
prefix+root,re-+side,reside
prefix+root,back-+side,backside
prefix+root,pre-+side,preside
prefix+root,sub-+side,subside
prefix+root,de-+sign,design
prefix+root,re-+sign,resign
prefix+root,en-+sign,ensign
prefix+root,in-+sincere,insincere
prefix+root,demi-+sing,demising
prefix+root,mis-+sing,missing
prefix+root,dis-+sing,dissing
prefix+root,re-+sister,resister
prefix+root,down-+size,downsize
prefix+root,super-+size,supersize
prefix+root,under-+skirt,underskirt
prefix+root,un-+snap,unsnap
prefix+root,in-+sole,insole
prefix+root,dis-+solve,dissolve
prefix+root,re-+sort,resort
prefix+root,re-+sound,resound
prefix+root,ultra-+sound,ultrasound
prefix+root,hyper-+space,hyperspace
prefix+root,re-+spell,respell
prefix+root,su-+spend,suspend
prefix+root,over-+spend,overspend
prefix+root,back-+spin,backspin
prefix+root,de-+spite,despite
prefix+root,re-+spite,respite
prefix+root,di-+sport,disport
prefix+root,de-+spot,despot
prefix+root,over-+spread,overspread
prefix+root,di-+staff,distaff
prefix+root,down-+stage,downstage
prefix+root,back-+stage,backstage
prefix+root,in-+stance,instance
prefix+root,sub-+stance,substance
prefix+root,di-+stance,distance
prefix+root,under-+stand,understand
prefix+root,co-+star,costar
prefix+root,re-+start,restart
prefix+root,pro-+state,prostate
prefix+root,down-+state,downstate
prefix+root,mis-+step,misstep
prefix+root,di-+still,distill
prefix+root,back-+stop,backstop
prefix+root,re-+store,restore
prefix+root,di-+stress,distress
prefix+root,back-+stretch,backstretch
prefix+root,di-+strict,district
prefix+root,re-+submit,resubmit
prefix+root,un-+subtle,unsubtle
prefix+root,re-+supply,resupply
prefix+root,over-+supply,oversupply
prefix+root,non-+support,nonsupport
prefix+root,down-+swing,downswing
prefix+root,de-+tail,detail
prefix+root,re-+tail,retail
prefix+root,out-+take,outtake
prefix+root,pre-+teen,preteen
prefix+root,sub-+teen,subteen
prefix+root,pre-+tend,pretend
prefix+root,pre-+tender,pretender
prefix+root,tri-+test,tritest
prefix+root,de-+test,detest
prefix+root,pro-+test,protest
prefix+root,pre-+text,pretext
prefix+root,hyper-+text,hypertext
prefix+root,over-+think,overthink
prefix+root,over-+thought,overthought
prefix+root,be-+tide,betide
prefix+root,down-+time,downtime
prefix+root,re-+tire,retire
prefix+root,en-+tire,entire
prefix+root,al-+together,altogether
prefix+root,sub-+total,subtotal
prefix+root,cross-+town,crosstown
prefix+root,mid-+town,midtown
prefix+root,ex-+tradition,extradition
prefix+root,dis-+trait,distrait
prefix+root,re-+treat,retreat
prefix+root,mis-+treat,mistreat
prefix+root,dia-+tribe,diatribe
prefix+root,in-+trust,intrust
prefix+root,re-+turn,return
prefix+root,un-+twist,untwist
prefix+root,in-+valid,invalid
prefix+root,di-+verse,diverse
prefix+root,multi-+verse,multiverse
prefix+root,re-+very,revery
prefix+root,en-+viable,enviable
prefix+root,over-+view,overview
prefix+root,inter-+view,interview
prefix+root,in-+voice,invoice
prefix+root,de-+vote,devote
prefix+root,in-+vulnerable,invulnerable
prefix+root,up-+ward,upward
prefix+root,re-+ward,reward
prefix+root,after-+ward,afterward
prefix+root,down-+ward,downward
prefix+root,in-+ward,inward
prefix+root,back-+ward,backward
prefix+root,out-+ward,outward
prefix+root,co-+ward,coward
prefix+root,on-+ward,onward
prefix+root,back-+water,backwater
prefix+root,out-+wear,outwear
prefix+root,re-+wind,rewind
prefix+root,co-+wing,cowing
prefix+root,mid-+winter,midwinter
prefix+root,cross-+wise,crosswise
prefix+root,fore-+woman,forewoman
prefix+root,after-+word,afterword
prefix+root,re-+work,rework
prefix+root,re-+wound,rewound
prefix+root,un-+wrap,unwrap
prefix+root,back-+yard,backyard
prefix+root,mid-+year,midyear
root+suffix,absolute+-est,absolutest
root+suffix,absurd+-est,absurdest
root+suffix,absurd+-er,absurder
root+suffix,abuse+-er,abuser
root+suffix,access+-ory,accessory
root+suffix,accident+-ally,accidentally
root+suffix,account+-ancy,accountancy
root+suffix,acid+-ly,acidly
root+suffix,acute+-est,acutest
root+suffix,acute+-er,acuter
root+suffix,adapt+-or,adaptor
root+suffix,address+-able,addressable
root+suffix,admire+-al,admiral
root+suffix,advantage+-ous,advantageous
root+suffix,adverse+-est,adversest
root+suffix,adverse+-er,adverser
root+suffix,alcohol+-ics,alcoholics
root+suffix,alien+-ated,alienated
root+suffix,allege+-ory,allegory
root+suffix,amaze+-on,amazon
root+suffix,anchor+-ite,anchorite
root+suffix,ancient+-est,ancientest
root+suffix,ancient+-er,ancienter
root+suffix,apple+-iance,appliance
root+suffix,appoint+-ive,appointive
root+suffix,attend+-er,attender
root+suffix,august+-est,augustest
root+suffix,august+-er,auguster
root+suffix,automatic+-ally,automatically
root+suffix,awkward+-est,awkwardest
root+suffix,awkward+-er,awkwarder
root+suffix,baby+-est,babiest
root+suffix,baby+-er,babier
root+suffix,bare+-ium,barium
root+suffix,bare+-on,baron
root+suffix,base+-ics,basics
root+suffix,base+-al,basal
root+suffix,battle+-ship,battleship
root+suffix,bend+-er,bender
root+suffix,bill+-fold,billfold
root+suffix,bill+-ion,billion
root+suffix,bill+-et,billet
root+suffix,bird+-ie,birdie
root+suffix,birth+-er,birther
root+suffix,black+-ish,blackish
root+suffix,blame+-er,blamer
root+suffix,blank+-et,blanket
root+suffix,blind+-fold,blindfold
root+suffix,blue+-er,bluer
root+suffix,bomb+-astic,bombastic
root+suffix,bomb+-ard,bombard
root+suffix,bone+-us,bonus
root+suffix,book+-ie,bookie
root+suffix,boot+-ie,bootie
root+suffix,bore+-on,boron
root+suffix,bound+-en,bounden
root+suffix,brand+-ish,brandish
root+suffix,breath+-able,breathable
root+suffix,brief+-ness,briefness
root+suffix,brown+-ie,brownie
root+suffix,burn+-ous,burnous
root+suffix,burn+-ish,burnish
root+suffix,call+-ous,callous
root+suffix,call+-us,callus
root+suffix,camp+-us,campus
root+suffix,cancel+-ling,cancelling
root+suffix,cancer+-ous,cancerous
root+suffix,carbon+-ated,carbonated
root+suffix,card+-iac,cardiac
root+suffix,care+-ess,caress
root+suffix,care+-een,careen
root+suffix,care+-eer,career
root+suffix,care+-et,caret
root+suffix,carry+-on,carrion
root+suffix,cast+-or,castor
root+suffix,cast+-ling,castling
root+suffix,casual+-ly,casually
root+suffix,cause+-ally,causally
root+suffix,cell+-ist,cellist
root+suffix,centre+-ist,centrist
root+suffix,centre+-ally,centrally
root+suffix,centre+-al,central
root+suffix,ceremony+-ous,ceremonious
root+suffix,ceremony+-ally,ceremonially
root+suffix,channel+-ling,channelling
root+suffix,chart+-er,charter
root+suffix,chief+-est,chiefest
root+suffix,chief+-er,chiefer
root+suffix,chip+-er,chipper
root+suffix,circle+-et,circlet
root+suffix,circuit+-ous,circuitous
root+suffix,civil+-ly,civilly
root+suffix,class+-ics,classics
root+suffix,clinic+-ian,clinician
root+suffix,clinic+-ally,clinically
root+suffix,close+-et,closet
root+suffix,code+-ine,codeine
root+suffix,college+-ian,collegian
root+suffix,come+-ity,comity
root+suffix,come+-ics,comics
root+suffix,come+-ic,comic
root+suffix,come+-et,comet
root+suffix,comic+-ally,comically
root+suffix,command+-ant,commandant
root+suffix,comment+-ated,commentated
root+suffix,commit+-ee,committee
root+suffix,compel+-ling,compelling
root+suffix,complete+-est,completest
root+suffix,complete+-er,completer
root+suffix,comply+-ment,compliment
root+suffix,condition+-ally,conditionally
root+suffix,confer+-er,conferrer
root+suffix,confuse+-er,confuser
root+suffix,connect+-or,connector
root+suffix,connect+-er,connecter
root+suffix,content+-ious,contentious
root+suffix,content+-ion,contention
root+suffix,continue+-ous,continuous
root+suffix,continue+-ally,continually
root+suffix,contract+-ile,contractile
root+suffix,control+-ling,controlling
root+suffix,convention+-ally,conventionally
root+suffix,cook+-ie,cookie
root+suffix,cool+-ie,coolie
root+suffix,copy+-ous,copious
root+suffix,core+-al,coral
root+suffix,correct+-est,correctest
root+suffix,correct+-or,corrector
root+suffix,correct+-er,correcter
root+suffix,cost+-ar,costar
root+suffix,count+-er,counter
root+suffix,courage+-ous,courageous
root+suffix,crack+-ling,crackling
root+suffix,crack+-ly,crackly
root+suffix,create+-ure,creature
root+suffix,crimin+-ally,criminally
root+suffix,critic+-ally,critically
root+suffix,crude+-ness,crudeness
root+suffix,cult+-ure,culture
root+suffix,culture+-ally,culturally
root+suffix,cure+-ie,curie
root+suffix,cure+-ate,curate
root+suffix,cure+-ious,curious
root+suffix,cure+-er,curer
root+suffix,cure+-acy,curacy
root+suffix,custom+-ize,customize
root+suffix,danger+-ous,dangerous
root+suffix,date+-ive,dative
root+suffix,dear+-th,dearth
root+suffix,define+-er,definer
root+suffix,defy+-ling,defiling
root+suffix,deny+-er,denier
root+suffix,depart+-ment,department
root+suffix,descend+-er,descender
root+suffix,design+-ated,designated
root+suffix,desire+-ous,desirous
root+suffix,devil+-ling,devilling
root+suffix,dimension+-less,dimensionless
root+suffix,direct+-est,directest
root+suffix,direct+-er,directer
root+suffix,disk+-ette,diskette
root+suffix,distinct+-est,distinctest
root+suffix,distinct+-er,distincter
root+suffix,dive+-est,divest
root+suffix,dive+-ine,divine
root+suffix,divine+-est,divinest
root+suffix,domestic+-ally,domestically
root+suffix,domestic+-ated,domesticated
root+suffix,double+-et,doublet
root+suffix,drag+-on,dragon
root+suffix,drain+-er,drainer
root+suffix,draw+-ling,drawling
root+suffix,draw+-er,drawer
root+suffix,dress+-age,dressage
root+suffix,drive+-ling,driveling
root+suffix,drive+-en,driven
root+suffix,dump+-ster,dumpster
root+suffix,dynamic+-ally,dynamically
root+suffix,earn+-est,earnest
root+suffix,earth+-ward,earthward
root+suffix,edit+-able,editable
root+suffix,endorse+-er,endorser
root+suffix,engine+-er,engineer
root+suffix,enhance+-er,enhancer
root+suffix,enorm+-ity,enormity
root+suffix,enorm+-ous,enormous
root+suffix,erect+-ile,erectile
root+suffix,ethic+-ally,ethically
root+suffix,even+-ess,evenness
root+suffix,even+-est,evenest
root+suffix,even+-er,evener
root+suffix,evil+-est,evilest
root+suffix,evil+-er,eviler
root+suffix,evil+-ly,evilly
root+suffix,exact+-est,exactest
root+suffix,exact+-er,exacter
root+suffix,execute+-able,executable
root+suffix,expect+-ancy,expectancy
root+suffix,experiment+-ally,experimentally
root+suffix,extreme+-est,extremest
root+suffix,extreme+-er,extremer
root+suffix,fabric+-ated,fabricated
root+suffix,face+-ade,facade
root+suffix,face+-ile,facile
root+suffix,face+-et,facet
root+suffix,fame+-ous,famous
root+suffix,fame+-ine,famine
root+suffix,fame+-ish,famish
root+suffix,fancy+-ness,fanciness
root+suffix,fate+-ally,fatally
root+suffix,fill+-et,fillet
root+suffix,filter+-able,filterable
root+suffix,fine+-ite,finite
root+suffix,fine+-ale,finale
root+suffix,fine+-ance,finance
root+suffix,fine+-ish,finish
root+suffix,fine+-ally,finally
root+suffix,fine+-al,final
root+suffix,flag+-ship,flagship
root+suffix,flag+-on,flagon
root+suffix,flame+-age,flamage
root+suffix,flame+-er,flamer
root+suffix,flat+-er,flatter
root+suffix,flavor+-ful,flavorful
root+suffix,fleet+-est,fleetest
root+suffix,flour+-ish,flourish
root+suffix,flow+-er,flower
root+suffix,fluid+-ly,fluidly
root+suffix,fond+-ant,fondant
root+suffix,fond+-ling,fondling
root+suffix,fond+-us,fondus
root+suffix,forge+-ive,forgive
root+suffix,forge+-et,forget
root+suffix,form+-ally,formally
root+suffix,forward+-est,forwardest
root+suffix,forward+-er,forwarder
root+suffix,fragile+-est,fragilest
root+suffix,fragile+-er,fragiler
root+suffix,franchise+-er,franchiser
root+suffix,franchise+-ee,franchisee
root+suffix,frequent+-est,frequentest
root+suffix,frequent+-er,frequenter
root+suffix,fresh+-et,freshet
root+suffix,front+-ally,frontally
root+suffix,fuel+-ling,fuelling
root+suffix,fulfil+-ling,fulfilling
root+suffix,function+-ally,functionally
root+suffix,further+-most,furthermost
root+suffix,game+-est,gamest
root+suffix,game+-ness,gameness
root+suffix,game+-ine,gamine
root+suffix,game+-er,gamer
root+suffix,gang+-ling,gangling
root+suffix,gang+-ly,gangly
root+suffix,garden+-ia,gardenia
root+suffix,gather+-er,gatherer
root+suffix,gaze+-illion,gazillion
root+suffix,gaze+-ette,gazette
root+suffix,globe+-ally,globally
root+suffix,glory+-ous,glorious
root+suffix,goal+-ie,goalie
root+suffix,good+-ie,goodie
root+suffix,grand+-ee,grandee
root+suffix,grave+-ity,gravity
root+suffix,grave+-ling,graveling
root+suffix,group+-ie,groupie
root+suffix,group+-er,grouper
root+suffix,grow+-ling,growling
root+suffix,halt+-er,halter
root+suffix,hand+-ling,handling
root+suffix,hand+-some,handsome
root+suffix,hang+-ar,hangar
root+suffix,hate+-er,hater
root+suffix,hazard+-ous,hazardous
root+suffix,heal+-th,health
root+suffix,hear+-th,hearth
root+suffix,hell+-ion,hellion
root+suffix,hero+-ics,heroics
root+suffix,hide+-ous,hideous
root+suffix,home+-ie,homie
root+suffix,home+-age,homage
root+suffix,honest+-est,honestest
root+suffix,honest+-er,honester
root+suffix,horn+-et,hornet
root+suffix,host+-age,hostage
root+suffix,host+-ile,hostile
root+suffix,human+-ess,humanness
root+suffix,human+-oid,humanoid
root+suffix,human+-est,humanest
root+suffix,human+-er,humaner
root+suffix,humble+-ness,humbleness
root+suffix,humor+-ous,humorous
root+suffix,humor+-less,humorless
root+suffix,hurt+-ling,hurtling
root+suffix,image+-ine,imagine
root+suffix,improve+-able,improvable
root+suffix,incur+-ious,incurious
root+suffix,industry+-ous,industrious
root+suffix,industry+-ally,industrially
root+suffix,inform+-ally,informally
root+suffix,intense+-est,intensest
root+suffix,jail+-or,jailor
root+suffix,just+-est,justest
root+suffix,kind+-ling,kindling
root+suffix,know+-able,knowable
root+suffix,large+-ess,largess
root+suffix,late+-itude,latitude
root+suffix,leave+-en,leaven
root+suffix,left+-ie,leftie
root+suffix,left+-est,leftest
root+suffix,left+-most,leftmost
root+suffix,left+-er,lefter
root+suffix,left+-ism,leftism
root+suffix,less+-or,lessor
root+suffix,less+-ee,lessee
root+suffix,less+-on,lesson
root+suffix,lethal+-ly,lethally
root+suffix,level+-ness,levelness
root+suffix,level+-ling,levelling
root+suffix,limb+-er,limber
root+suffix,line+-age,lineage
root+suffix,line+-ally,lineally
root+suffix,line+-en,linen
root+suffix,linger+-ie,lingerie
root+suffix,link+-er,linker
root+suffix,list+-en,listen
root+suffix,load+-able,loadable
root+suffix,lock+-et,locket
root+suffix,logic+-ally,logically
root+suffix,loyal+-est,loyalest
root+suffix,loyal+-er,loyaler
root+suffix,luxury+-ous,luxurious
root+suffix,luxury+-ate,luxuriate
root+suffix,luxury+-ated,luxuriated
root+suffix,lyric+-ally,lyrically
root+suffix,machine+-able,machinable
root+suffix,magic+-ally,magically
root+suffix,maintain+-er,maintainer
root+suffix,major+-ly,majorly
root+suffix,male+-ice,malice
root+suffix,male+-aria,malaria
root+suffix,margin+-ally,marginally
root+suffix,marine+-ade,marinade
root+suffix,marine+-ate,marinate
root+suffix,marine+-er,mariner
root+suffix,marine+-ated,marinated
root+suffix,mark+-et,market
root+suffix,marry+-age,marriage
root+suffix,mass+-age,massage
root+suffix,mate+-ure,mature
root+suffix,medicine+-ally,medicinally
root+suffix,mess+-age,message
root+suffix,metre+-ics,metrics
root+suffix,metre+-ic,metric
root+suffix,mill+-ion,million
root+suffix,mill+-age,millage
root+suffix,mill+-et,millet
root+suffix,mine+-or,minor
root+suffix,mine+-us,minus
root+suffix,mine+-ion,minion
root+suffix,minute+-ia,minutia
root+suffix,miss+-ive,missive
root+suffix,miss+-ile,missile
root+suffix,mode+-ify,modify
root+suffix,mode+-ule,module
root+suffix,mode+-est,modest
root+suffix,mode+-ling,modeling
root+suffix,mode+-ern,modern
root+suffix,model+-ling,modelling
root+suffix,modify+-able,modifiable
root+suffix,moment+-ous,momentous
root+suffix,monument+-ally,monumentally
root+suffix,moral+-ist,moralist
root+suffix,mortgage+-er,mortgager
root+suffix,motive+-ated,motivated
root+suffix,mountain+-ous,mountainous
root+suffix,move+-ie,movie
root+suffix,murder+-ous,murderous
root+suffix,music+-ally,musically
root+suffix,must+-ard,mustard
root+suffix,mutual+-ly,mutually
root+suffix,nation+-ally,nationally
root+suffix,nature+-ally,naturally
root+suffix,need+-ling,needling
root+suffix,nerve+-ous,nervous
root+suffix,night+-ie,nightie
root+suffix,noble+-ness,nobleness
root+suffix,norm+-ally,normally
root+suffix,note+-ice,notice
root+suffix,notion+-ally,notionally
root+suffix,oblige+-ate,obligate
root+suffix,oblige+-ated,obligated
root+suffix,occasion+-ally,occasionally
root+suffix,office+-ious,officious
root+suffix,open+-ess,openness
root+suffix,open+-est,openest
root+suffix,organ+-ics,organics
root+suffix,origin+-ally,originally
root+suffix,origin+-ated,originated
root+suffix,over+-ule,overrule
root+suffix,over+-ode,overrode
root+suffix,over+-ate,overate
root+suffix,over+-age,overage
root+suffix,over+-ated,overrated
root+suffix,oxygen+-ated,oxygenated
root+suffix,pace+-ify,pacify
root+suffix,page+-ant,pageant
root+suffix,page+-er,pager
root+suffix,pair+-wise,pairwise
root+suffix,pale+-ate,palate
root+suffix,pale+-ette,palette
root+suffix,panel+-ling,panelling
root+suffix,pant+-ie,pantie
root+suffix,parallel+-ling,parallelling
root+suffix,park+-our,parkour
root+suffix,participate+-or,participator
root+suffix,participate+-ory,participatory
root+suffix,pass+-ive,passive
root+suffix,pass+-ion,passion
root+suffix,pass+-er,passer
root+suffix,past+-ie,pastie
root+suffix,past+-or,pastor
root+suffix,past+-ure,pasture
root+suffix,past+-ern,pastern
root+suffix,pastor+-ate,pastorate
root+suffix,patient+-est,patientest
root+suffix,patient+-er,patienter
root+suffix,peace+-ock,peacock
root+suffix,person+-ally,personally
root+suffix,pick+-ling,pickling
root+suffix,pick+-et,picket
root+suffix,pink+-ie,pinkie
root+suffix,place+-ate,placate
root+suffix,place+-er,placer
root+suffix,place+-ated,placated
root+suffix,place+-ard,placard
root+suffix,plan+-ar,planar
root+suffix,plan+-et,planet
root+suffix,plate+-itude,platitude
root+suffix,plate+-let,platelet
root+suffix,plate+-en,platen
root+suffix,poison+-ous,poisonous
root+suffix,pole+-ite,polite
root+suffix,pole+-ice,police
root+suffix,pole+-ish,polish
root+suffix,polite+-ics,politics
root+suffix,polite+-ic,politic
root+suffix,poll+-en,pollen
root+suffix,post+-ure,posture
root+suffix,precise+-est,precisest
root+suffix,precise+-ion,precision
root+suffix,precise+-er,preciser
root+suffix,prim+-ate,primate
root+suffix,prior+-ess,prioress
root+suffix,prior+-itize,prioritize
root+suffix,private+-est,privatest
root+suffix,private+-ize,privatize
root+suffix,private+-ion,privation
root+suffix,private+-er,privateer
root+suffix,prob+-ated,probated
root+suffix,profound+-er,profounder
root+suffix,program+-able,programmable
root+suffix,prompt+-est,promptest
root+suffix,proper+-est,properest
root+suffix,proper+-er,properer
root+suffix,protest+-or,protestor
root+suffix,publish+-able,publishable
root+suffix,pulse+-ated,pulsated
root+suffix,punk+-est,punkest
root+suffix,pure+-ee,puree
root+suffix,quest+-ion,question
root+suffix,quick+-ie,quickie
root+suffix,quiet+-us,quietus
root+suffix,race+-eme,raceme
root+suffix,rank+-ling,rankling
root+suffix,rank+-er,ranker
root+suffix,rape+-ine,rapine
root+suffix,rapid+-est,rapidest
root+suffix,rapid+-er,rapider
root+suffix,rate+-ify,ratify
root+suffix,rate+-ion,ration
root+suffix,reach+-able,reachable
root+suffix,real+-est,realest
root+suffix,real+-ize,realize
root+suffix,real+-er,realer
root+suffix,rear+-most,rearmost
root+suffix,rebel+-ling,rebelling
root+suffix,recent+-est,recentest
root+suffix,recent+-er,recenter
root+suffix,region+-ally,regionally
root+suffix,relax+-ant,relaxant
root+suffix,release+-able,releasable
root+suffix,repeat+-able,repeatable
root+suffix,rest+-ate,restate
root+suffix,rest+-ock,restock
root+suffix,rest+-ated,restated
root+suffix,retire+-ee,retiree
root+suffix,return+-ee,returnee
root+suffix,rhetoric+-ally,rhetorically
root+suffix,right+-est,rightest
root+suffix,right+-most,rightmost
root+suffix,right+-er,righter
root+suffix,riot+-ous,riotous
root+suffix,rise+-en,risen
root+suffix,rival+-ling,rivalling
root+suffix,robust+-est,robustest
root+suffix,robust+-er,robuster
root+suffix,rock+-et,rocket
root+suffix,romantic+-ally,romantically
root+suffix,root+-er,rooter
root+suffix,rose+-ate,roseate
root+suffix,routine+-ize,routinize
root+suffix,ruin+-ous,ruinous
root+suffix,sack+-ful,sackful
root+suffix,sale+-ine,saline
root+suffix,sale+-on,salon
root+suffix,salt+-ine,saltine
root+suffix,sand+-al,sandal
root+suffix,save+-ant,savant
root+suffix,save+-ory,savory
root+suffix,save+-age,savage
root+suffix,scandal+-ous,scandalous
root+suffix,score+-less,scoreless
root+suffix,seal+-ant,sealant
root+suffix,season+-ally,seasonally
root+suffix,secret+-ive,secretive
root+suffix,secret+-ion,secretion
root+suffix,secure+-est,securest
root+suffix,secure+-er,securer
root+suffix,self+-ie,selfie
root+suffix,sense+-ory,sensory
root+suffix,sequence+-er,sequencer
root+suffix,severe+-ance,severance
root+suffix,severe+-ally,severally
root+suffix,severe+-al,several
root+suffix,share+-able,shareable
root+suffix,share+-ia,sharia
root+suffix,sheep+-fold,sheepfold
root+suffix,shoe+-on,shoon
root+suffix,shoe+-al,shoal
root+suffix,short+-ish,shortish
root+suffix,shrink+-able,shrinkable
root+suffix,sign+-ally,signally
root+suffix,sign+-et,signet
root+suffix,silent+-est,silentest
root+suffix,silent+-er,silenter
root+suffix,simple+-ness,simpleness
root+suffix,sing+-ling,singling
root+suffix,sing+-ly,singly
root+suffix,size+-er,sizer
root+suffix,skill+-et,skillet
root+suffix,slave+-er,slaver
root+suffix,smart+-en,smarten
root+suffix,smooth+-ie,smoothie
root+suffix,soft+-ie,softie
root+suffix,sole+-itude,solitude
root+suffix,sole+-ar,solar
root+suffix,sole+-aria,solaria
root+suffix,solid+-est,solidest
root+suffix,solid+-er,solider
root+suffix,sort+-ie,sortie
root+suffix,space+-ship,spaceship
root+suffix,spark+-ling,sparkling
root+suffix,speed+-ster,speedster
root+suffix,spill+-age,spillage
root+suffix,spin+-ster,spinster
root+suffix,spin+-al,spinal
root+suffix,spine+-et,spinet
root+suffix,stab+-ling,stabling
root+suffix,staff+-er,staffer
root+suffix,stand+-ard,standard
root+suffix,star+-ling,starling
root+suffix,stark+-ness,starkness
root+suffix,start+-ling,startling
root+suffix,state+-ic,static
root+suffix,state+-ure,stature
root+suffix,state+-us,status
root+suffix,state+-ion,station
root+suffix,statistic+-ally,statistically
root+suffix,steal+-th,stealth
root+suffix,steam+-ship,steamship
root+suffix,stimul+-us,stimulus
root+suffix,stimul+-ated,stimulated
root+suffix,stock+-ade,stockade
root+suffix,strive+-en,striven
root+suffix,submit+-er,submitter
root+suffix,success+-or,successor
root+suffix,success+-ive,successive
root+suffix,success+-ion,succession
root+suffix,suck+-ling,suckling
root+suffix,sudden+-ess,suddenness
root+suffix,suggest+-er,suggester
root+suffix,superb+-est,superbest
root+suffix,superb+-er,superber
root+suffix,supply+-ant,suppliant
root+suffix,sweet+-ie,sweetie
root+suffix,switch+-er,switcher
root+suffix,system+-ics,systemics
root+suffix,table+-oid,tabloid
root+suffix,table+-et,tablet
root+suffix,tactic+-ally,tactically
root+suffix,tail+-or,tailor
root+suffix,tank+-ful,tankful
root+suffix,tank+-ard,tankard
root+suffix,teen+-age,teenage
root+suffix,tend+-er,tender
root+suffix,tend+-on,tendon
root+suffix,text+-ure,texture
root+suffix,text+-ile,textile
root+suffix,thick+-et,thicket
root+suffix,thin+-ess,thinness
root+suffix,thorough+-est,thoroughest
root+suffix,thorough+-er,thorougher
root+suffix,till+-able,tillable
root+suffix,tire+-ade,tirade
root+suffix,tone+-ics,tonics
root+suffix,topic+-ally,topically
root+suffix,total+-ling,totalling
root+suffix,tradition+-ally,traditionally
root+suffix,tragic+-ally,tragically
root+suffix,transmit+-al,transmittal
root+suffix,trap+-able,trappable
root+suffix,travel+-ling,travelling
root+suffix,tree+-ated,treated
root+suffix,trick+-ling,trickling
root+suffix,trip+-let,triplet
root+suffix,trip+-ling,tripling
root+suffix,truck+-ling,truckling
root+suffix,true+-ant,truant
root+suffix,true+-ancy,truancy
root+suffix,truth+-er,truther
root+suffix,tune+-ics,tunics
root+suffix,tune+-ic,tunic
root+suffix,tunnel+-ling,tunnelling
root+suffix,turn+-er,turner
root+suffix,under+-most,undermost
root+suffix,under+-ate,underrate
root+suffix,under+-age,underage
root+suffix,under+-ated,underrated
root+suffix,unique+-est,uniquest
root+suffix,unique+-er,uniquer
root+suffix,usual+-ly,usually
root+suffix,valid+-ness,validness
root+suffix,valid+-ated,validated
root+suffix,vary+-ous,various
root+suffix,vary+-ate,variate
root+suffix,venture+-ous,venturous
root+suffix,verse+-us,versus
root+suffix,very+-ly,verily
root+suffix,virtual+-ly,virtually
root+suffix,virtue+-ous,virtuous
root+suffix,virtue+-al,virtual
root+suffix,vote+-ive,votive
root+suffix,wage+-on,wagon
root+suffix,wall+-et,wallet
root+suffix,want+-on,wanton
root+suffix,warm+-th,warmth
root+suffix,wave+-let,wavelet
root+suffix,wear+-able,wearable
root+suffix,wear+-er,wearer
root+suffix,whip+-et,whippet
root+suffix,white+-ish,whitish
root+suffix,wide+-ness,wideness
root+suffix,will+-ful,willful
root+suffix,winter+-ize,winterize
root+suffix,wish+-er,wisher
root+suffix,wool+-ie,woolie
root+suffix,wool+-ly,woolly
root+suffix,worry+-er,worrier
root+suffix,wound+-er,wounder
root+suffix,write+-able,writable
root+suffix,wrong+-est,wrongest
root+suffix,wrong+-ness,wrongness
root+suffix,wrong+-er,wronger
root+root+suffix,alter+native+-ly,alternatively
root+root+suffix,auto+mate+-ics,automatics
root+root+suffix,auto+mate+-ic,automatic
root+root+suffix,auto+mate+-ion,automation
root+root+suffix,auto+mate+-on,automaton
root+root+suffix,back+bite+-er,backbiter
root+root+suffix,back+slide+-er,backslider
root+root+suffix,back+ward+-ness,backwardness
root+root+suffix,blame+less+-ly,blamelessly
root+root+suffix,blood+less+-ly,bloodlessly
root+root+suffix,breath+less+-ness,breathlessness
root+root+suffix,breath+less+-ly,breathlessly
root+root+suffix,care+less+-ness,carelessness
root+root+suffix,care+less+-ly,carelessly
root+root+suffix,cast+rate+-ion,castration
root+root+suffix,cease+less+-ly,ceaselessly
root+root+suffix,cheer+less+-ness,cheerlessness
root+root+suffix,cheer+less+-ly,cheerlessly
root+root+suffix,child+less+-ness,childlessness
root+root+suffix,depart+mental+-ize,departmentalize
root+root+suffix,doubt+less+-ly,doubtlessly
root+root+suffix,down+load+-able,downloadable
root+root+suffix,effort+less+-ly,effortlessly
root+root+suffix,faith+less+-ness,faithlessness
root+root+suffix,faith+less+-ly,faithlessly
root+root+suffix,fault+less+-ly,faultlessly
root+root+suffix,fear+less+-ness,fearlessness
root+root+suffix,fear+less+-ly,fearlessly
root+root+suffix,fire+fight+-er,firefighter
root+root+suffix,flaw+less+-ly,flawlessly
root+root+suffix,form+less+-ness,formlessness
root+root+suffix,form+less+-ly,formlessly
root+root+suffix,fruit+less+-ness,fruitlessness
root+root+suffix,fruit+less+-ly,fruitlessly
root+root+suffix,ghost+write+-er,ghostwriter
root+root+suffix,grace+less+-ness,gracelessness
root+root+suffix,grace+less+-ly,gracelessly
root+root+suffix,ground+less+-ly,groundlessly
root+root+suffix,hard+line+-er,hardliner
root+root+suffix,harm+less+-ness,harmlessness
root+root+suffix,harm+less+-ly,harmlessly
root+root+suffix,heart+less+-ness,heartlessness
root+root+suffix,heart+less+-ly,heartlessly
root+root+suffix,help+less+-ness,helplessness
root+root+suffix,help+less+-ly,helplessly
root+root+suffix,home+less+-ness,homelessness
root+root+suffix,hope+less+-ness,hopelessness
root+root+suffix,hope+less+-ly,hopelessly
root+root+suffix,humor+less+-ness,humorlessness
root+root+suffix,like+able+-ness,likeableness
root+root+suffix,list+less+-ness,listlessness
root+root+suffix,list+less+-ly,listlessly
root+root+suffix,mind+less+-ness,mindlessness
root+root+suffix,mind+less+-ly,mindlessly
root+root+suffix,mode+rate+-or,moderator
root+root+suffix,mode+rate+-ion,moderation
root+root+suffix,mode+rate+-ly,moderately
root+root+suffix,need+less+-ly,needlessly
root+root+suffix,nerve+less+-ly,nervelessly
root+root+suffix,noise+less+-ness,noiselessness
root+root+suffix,noise+less+-ly,noiselessly
root+root+suffix,over+achieve+-er,overachiever
root+root+suffix,over+compensate+-ion,overcompensation
root+root+suffix,over+grow+-th,overgrowth
root+root+suffix,over+state+-ment,overstatement
root+root+suffix,over+take+-en,overtaken
root+root+suffix,pain+less+-ly,painlessly
root+root+suffix,point+less+-ness,pointlessness
root+root+suffix,point+less+-ly,pointlessly
root+root+suffix,power+less+-ness,powerlessness
root+root+suffix,power+less+-ly,powerlessly
root+root+suffix,read+just+-ment,readjustment
root+root+suffix,rear+range+-ment,rearrangement
root+root+suffix,reason+able+-ness,reasonableness
root+root+suffix,rest+less+-ness,restlessness
root+root+suffix,rest+less+-ly,restlessly
root+root+suffix,self+less+-ness,selflessness
root+root+suffix,self+less+-ly,selflessly
root+root+suffix,sense+less+-ness,senselessness
root+root+suffix,sense+less+-ly,senselessly
root+root+suffix,shame+less+-ly,shamelessly
root+root+suffix,shape+less+-ness,shapelessness
root+root+suffix,shape+less+-ly,shapelessly
root+root+suffix,shift+less+-ness,shiftlessness
root+root+suffix,sleep+less+-ness,sleeplessness
root+root+suffix,sound+less+-ly,soundlessly
root+root+suffix,spell+check+-er,spellchecker
root+root+suffix,spot+less+-ness,spotlessness
root+root+suffix,spot+less+-ly,spotlessly
root+root+suffix,taste+less+-ness,tastelessness
root+root+suffix,taste+less+-ly,tastelessly
root+root+suffix,thank+less+-ly,thanklessly
root+root+suffix,thought+less+-ness,thoughtlessness
root+root+suffix,thought+less+-ly,thoughtlessly
root+root+suffix,time+less+-ness,timelessness
root+root+suffix,time+line+-ess,timeliness
root+root+suffix,tire+less+-ness,tirelessness
root+root+suffix,tire+less+-ly,tirelessly
root+root+suffix,tune+less+-ly,tunelessly
root+root+suffix,under+achieve+-er,underachiever
root+root+suffix,under+stand+-able,understandable
root+root+suffix,under+state+-ment,understatement
root+root+suffix,under+take+-er,undertaker
root+root+suffix,under+take+-en,undertaken
root+root+suffix,under+write+-er,underwriter
root+root+suffix,worth+less+-ness,worthlessness
prefix+root+root,un-+accept+able,unacceptable
prefix+root+root,un-+account+able,unaccountable
prefix+root+root,dis-+agree+able,disagreeable
prefix+root+root,in-+alien+able,inalienable
prefix+root+root,un-+alter+able,unalterable
prefix+root+root,un-+answer+able,unanswerable
prefix+root+root,un-+approach+able,unapproachable
prefix+root+root,un-+attain+able,unattainable
prefix+root+root,un-+avoid+able,unavoidable
prefix+root+root,un-+bear+able,unbearable
prefix+root+root,un-+break+able,unbreakable
prefix+root+root,non-+break+able,nonbreakable
prefix+root+root,ex-+change+able,exchangeable
prefix+root+root,inter-+change+able,interchangeable
prefix+root+root,re-+charge+able,rechargeable
prefix+root+root,anti-+clock+wise,anticlockwise
prefix+root+root,un-+comfort+able,uncomfortable
prefix+root+root,un-+condition+ally,unconditionally
prefix+root+root,in-+consider+able,inconsiderable
prefix+root+root,un-+convention+ally,unconventionally
prefix+root+root,un-+count+able,uncountable
prefix+root+root,dis-+credit+able,discreditable
prefix+root+root,hyper-+critic+ally,hypercritically
prefix+root+root,hypo-+critic+ally,hypocritically
prefix+root+root,inter-+depart+mental,interdepartmental
prefix+root+root,un-+detect+able,undetectable
prefix+root+root,in-+distinguish+able,indistinguishable
prefix+root+root,un-+employ+able,unemployable
prefix+root+root,un-+fashion+able,unfashionable
prefix+root+root,un-+forget+table,unforgettable
prefix+root+root,in-+form+ally,informally
prefix+root+root,un-+govern+able,ungovernable
prefix+root+root,non-+govern+mental,nongovernmental
prefix+root+root,in-+habit+able,inhabitable
prefix+root+root,dis-+honor+able,dishonorable
prefix+root+root,un-+know+able,unknowable
prefix+root+root,down-+load+able,downloadable
prefix+root+root,un-+manage+able,unmanageable
prefix+root+root,im-+mode+rate,immoderate
prefix+root+root,im-+move+able,immoveable
prefix+root+root,inter-+nation+ally,internationally
prefix+root+root,ab-+norm+ally,abnormally
prefix+root+root,un-+notice+able,unnoticeable
prefix+root+root,re-+occur+ring,reoccurring
prefix+root+root,im-+pass+able,impassable
prefix+root+root,im-+person+ally,impersonally
prefix+root+root,dis-+play+able,displayable
prefix+root+root,trans-+port+able,transportable
prefix+root+root,un-+prevent+able,unpreventable
prefix+root+root,un-+print+able,unprintable
prefix+root+root,im-+prob+able,improbable
prefix+root+root,un-+profit+able,unprofitable
prefix+root+root,un-+pronounce+able,unpronounceable
prefix+root+root,un-+question+able,unquestionable
prefix+root+root,un-+reach+able,unreachable
prefix+root+root,un-+read+able,unreadable
prefix+root+root,un-+reason+able,unreasonable
prefix+root+root,un-+remark+able,unremarkable
prefix+root+root,un-+repeat+able,unrepeatable
prefix+root+root,non-+return+able,nonreturnable
prefix+root+root,un-+season+able,unseasonable
prefix+root+root,co-+star+ring,costarring
prefix+root+root,be-+stir+ring,bestirring
prefix+root+root,un-+suit+able,unsuitable
prefix+root+root,in-+support+able,insupportable
prefix+root+root,un-+support+able,unsupportable
prefix+root+root,syn-+tactic+ally,syntactically
prefix+root+root,de-+test+able,detestable
prefix+root+root,re-+thin+king,rethinking
prefix+root+root,over-+thin+king,overthinking
prefix+root+root,be-+thin+king,bethinking
prefix+root+root,un-+thin+king,unthinking
prefix+root+root,non-+transfer+able,nontransferable
prefix+root+root,mis-+under+stand,misunderstand
prefix+root+root,un-+wave+ring,unwavering
prefix+root+root,un-+work+able,unworkable
