tien_to,nghia_en,nghia_vi,chuc_nang,ngoai_le,bien_the_chinh_ta,tan_suat,vi_du
un-,"not, opposite of; reverses the meaning","không, trái với; đảo ngược nghĩa gốc","Tạo tính từ (vd ~67% trường hợp, theo số liệu creates); thường gắn vào tính từ hoặc phân từ quá khứ (past participle) dùng như tính từ.","không có đồng hóa chính tả đặc biệt; gắn trực tiếp vào gốc, giữ nguyên chính tả gốc kể cả khi gốc bắt đầu bằng nguyên âm (unaware, unequal, unemployed)",,526,unable;unacceptable;unaccountable;unaccountably;unaccustomed;unachievable;unadjusted;unadvised;unadvisedly;unafraid;unaided;unalienable;unalterable;unalterably;unamused;unannounced;unanswerable;unanswered;unapproachable;unarm;unashamedly;unasked;unassisted;unassuming;unassumingly;unattached;unattended;unattractive;unauthorized;unavailable;unavoidable;unavoidably;unaware;unawareness;unbacked;unbalance;unbar;unbearable;unbearably;unbeatable;unbeaten;unbecoming;unbecomingly;unbeknown;unbeknownst;unbelief;unbelievable;unbelievably;unbeliever;unbelieving;unbelievingly;unbend;unbent;unbiased;unbidden;unbind;unborn;unbound;unbreakable;unbroken;unburden;unburned;unbutton;uncalled;uncap;uncaused;unceasing;unceasingly;unceremonious;unceremoniously;unceremoniousness;uncertain;uncertainly;uncertainness;uncertainty;unchallenged;unchangeable;unchanged;uncharged;uncharted;unchecked;uncivil;unclaimed;unclean;uncleanness;unclear;unclouded;uncolored;uncomfortable;uncomfortably;uncomforted;uncommitted;uncommon;uncommonly;uncomplainingly;uncompromising;uncompromisingly;unconcern;unconcernedly;unconditional;unconditionally;unconditioned;unconnected;unconquerable;unconscious;unconsciously;unconsciousness;unconsidered;uncontrollable;uncontrolled;unconventional;unconvincing;uncounted;uncouple;uncourageous;uncousinly;uncover;uncritical;uncritically;uncross;uncrowned;uncrushable;uncut;undamaged;undated;undecided;undecidedly;undecidedness;undeclared;undedicated;undefended;undefined;undemonstrative;undeniable;undeniably;undeserved;undesirability;undesirable;undesirably;undetectable;undetected;undetermined;undeveloped;undifferentiated;undiminished;undischarged;undisciplined;undisclosed;undisputed;undistinguished;undisturbed;undivided;undo;undomesticated;undoubted;undoubtedly;undreamed;undreamt;undress;undrinkable;undue;unduly;undying;unearned;unearth;unearthliness;unearthly;unease;uneasily;uneasiness;uneasy;uneaten;uneducated;unemployable;unemployed;unemployment;unending;unendingly;unendurable;unequal;unethical;uneven;unevenly;unevenness;uneventful;uneventfully;unexampled;unexpected;unexpectedly;unexplainable;unexplained;unexplored;unfailing;unfailingly;unfair;unfairly;unfairness;unfaithful;unfaithfully;unfaithfulness;unfamiliar;unfastened;unfavourable;unfavourably;unfeeling;unfeelingly;unfenced;unfinished;unfired;unfit;unfixed;unflagging;unflaggingly;unfold;unforgettable;unforgettably;unforgivable;unformed;unfortunate;unfortunately;unfounded;unfrequented;unfriendly;unfruitful;unfulfilled;ungainliness;ungainly;ungenerous;ungenerously;ungodly;ungovernable;ungoverned;ungracious;ungraciously;unguarded;unguided;unhand;unhappily;unhappiness;unhappy;unhealthily;unhealthiness;unhealthy;unheated;unholiness;unholy;unhook;unhorse;unhurried;unhurriedly;unhurt;unimaginable;unimaginative;unimpaired;unimposing;unimpressed;unimpressive;unimproved;uninfluenced;uninformed;uninhabitable;uninjured;unintended;unintentionally;uninterested;uninvited;unjust;unjustifiable;unjustified;unkind;unkindly;unknowing;unknowingly;unlawful;unlawfully;unlearn;unlearnt;unlettered;unlicensed;unlike;unlikelihood;unlikeliness;unlikely;unlimited;unlinked;unlisted;unload;unloader;unlock;unloose;unloosen;unlovely;unluckily;unlucky;unmade;unman;unmanageable;unmanageably;unmanly;unmannered;unmannerly;unmarked;unmarried;unmask;unmatchable;unmatched;unmated;unmeasured;unmentionable;unmeritorious;unmethodical;unmindful;unmistakable;unmistakably;unmixed;unmodified;unmotivated;unmoved;unnameable;unnamed;unnatural;unnaturally;unnaturalness;unnecessarily;unnecessary;unneeded;unnerve;unnoticed;unnumbered;unoccupied;unofficial;unofficially;unopened;unpack;unpadded;unpaid;unpaintable;unpaired;unparalleled;unparliamentary;unpatronizing;unperformed;unpick;unplaced;unplayable;unpleasant;unpleasantly;unpleasantness;unpleased;unpopular;unprecedented;unprecedentedly;unpredictable;unprepared;unpretentious;unpretentiously;unpretentiousness;unprincipled;unprintable;unproblematic;unprofitable;unpromising;unprompted;unprotected;unproved;unprovocative;unprovoked;unpublished;unputdownable;unqualified;unqualifiedly;unquestionable;unquestionably;unquestioned;unquestioningly;unquiet;unquote;unreadable;unreadably;unready;unreal;unrealistic;unrealistically;unreason;unreasonable;unreasonableness;unreasonably;unrecoverable;unrelated;unreleased;unreliability;unreliable;unrelieved;unrelievedly;unremarkable;unreserved;unreservedly;unresolved;unresponsive;unrest;unrestrained;unrestricted;unrestrictedly;unrewarding;unrifled;unripped;unrivalled;unroll;unromantic;unruly;unsafe;unsalted;unsay;unschooled;unscrew;unscripted;unsealed;unseasonable;unseasoned;unseat;unseeing;unseeingly;unselfconsciousness;unselfish;unselfishly;unserviceable;unservile;unsettle;unsex;unshakable;unsharpened;unshed;unsheltered;unsightliness;unsightly;unsigned;unsinkable;unskilled;unsloped;unsmiling;unsmilingly;unsolved;unsound;unsparing;unsparingly;unspeakable;unspeakably;unspotted;unstable;unsteadily;unsteady;unstop;unstoppable;unstressed;unstring;unstuffy;unsuccessful;unsuccessfully;unsuitable;unsuitably;unsuited;unsupportable;unsupported;unsure;unsurmountable;unsuspecting;unsympathetic;untapped;unteach;untellable;untenable;untenanted;unthematic;unthinkable;unthinking;unthinkingly;untidily;untidiness;untidy;untie;untimeliness;untimely;untiring;untiringly;untouchable;untouched;untoward;untowardly;untowardness;untracked;untraditional;untrained;untreated;untrue;untrustworthiness;untruth;untruthful;untruthfully;unused;unusual;unusually;unvarying;unversed;unvoiced;unwanted;unwarrantable;unwarranted;unwed;unwelcome;unwell;unwholesome;unwilling;unwillingly;unwillingness;unwind;unwire;unwise;unwisely;unwitting;unwittingly;unwomanly;unworkable;unworthy;unwound;unyielding
re-,"again, back; repetition or reversal of an action","lại, một lần nữa; sự lặp lại hoặc đảo ngược hành động","Tạo động từ (vd ~42% trường hợp, theo số liệu creates); thường gắn vào động từ gốc.","không có đồng hóa chính tả đặc biệt; đôi khi cần dấu gạch nối khi gốc bắt đầu bằng nguyên âm hoặc để tránh nhầm nghĩa với từ có sẵn (re-cover 'che lại' khác recover 'hồi phục', re-creation khác recreation)",,277,antiredeposition;derestrict;disrepair;irremovable;irreparable;irreparably;irreplaceable;irrepressible;irrepressibly;irresolvable;irreversible;irreversibly;misreport;nonreactivity;nonreactors;nonrestrictive;react;reactants;reaction;reactionary;reactivate;reactive;reactively;reactiveness;reactivity;reactor;readapting;readdress;readjust;readjustment;reaffirm;reaffirmation;reafforest;reafforestation;reagent;realign;realignment;reappear;reappearance;reapportioned;reapportionment;rearm;rearmament;rearrange;rearrangement;reassert;reassign;reassurance;reassure;reassuringly;reawaken;rebind;rebirth;reborn;rebound;rebuild;recall;recallable;recap;recapture;recast;recharge;rechartering;recheck;recital;recitation;recitative;recite;reciter;reclaim;reclamation;reclassification;recommence;recondition;reconsider;reconsideration;reconstruct;recopied;recount;recovers;recreate;recriminate;recrimination;recriminatory;recycle;rededicate;redefinition;redeploy;redeployment;redeposition;redevelopers;redevelopment;redirect;rediscover;redistribute;redistribution;redo;redouble;reeducate;reeducation;reelected;reelection;reemerged;reenact;reentered;reestablish;reevaluation;reexamination;reexamine;refashion;refill;refinance;refit;refloat;refolded;reforest;reforestation;reform;reformation;reformative;reformatory;reformer;refresh;refreshingly;refreshment;refuel;refund;refuse;regain;reground;regroup;rehear;rehouse;reinforce;reinforcement;reinstall;reinstate;reinstatement;reinsurance;reinterpret;reinvestigation;reissue;relaid;relining;relive;reload;relocate;remake;remarriage;remarry;remind;reminder;remodel;remonstrance;remonstrate;remount;removable;removal;remove;remover;rename;renew;renewable;renewal;reopen;reorder;reorganization;reorganize;repaint;repair;repairer;reparable;reparation;repay;repayable;repayment;rephrased;replace;replaceable;replacement;replanted;replay;repoint;report;reportage;reportedly;reporter;reportorial;repose;repossess;repossession;repot;repress;repression;repressive;repressively;reprint;repulse;repulsion;repulsive;repulsively;repulsiveness;request;requesters;reread;rerun;resale;resealed;research;researchable;researcher;reseat;reserve;reset;resettle;resettlement;reshapes;resoled;resolvable;resolve;resonance;resonant;resonantly;resonate;resonator;restate;restatement;restock;restrain;restraint;restrict;restriction;restrictive;restrictively;restrictiveness;resurface;retake;retaken;retell;retention;retentive;retentively;retentiveness;rethink;rethought;retied;retooled;retouch;retrace;retraining;retrial;reunite;reusable;reuse;revaluation;revalue;reversal;reverse;reversely;reversibility;reversible;reversion;reversionary;review;reviewer;revisited;revitalization;revitalize;rewire;reword;rewrite;rewritten;unresolved;unrestrained;unrestricted;unrestrictedly
dis-,"not, opposite of; reversal, removal, or negation","không, trái với; đảo ngược, loại bỏ hoặc phủ định","Tạo danh từ (vd ~45% trường hợp, theo số liệu creates); thường gắn vào động từ hoặc danh từ gốc (dis+agree, dis+comfort), cũng gắn vào tính từ (dis+loyal).","không có đồng hóa chính tả đặc biệt; khi gốc bắt đầu bằng 's', giữ nguyên hai chữ 's' liên tiếp, không lược bớt (dissatisfaction, disservice, dissolve)",,186,disability;disable;disablement;disabuse;disadvantage;disadvantageous;disadvantageously;disafforest;disafforestation;disagree;disagreeable;disagreeableness;disagreeably;disagreement;disallow;disappear;disappearance;disappoint;disappointingly;disappointment;disapprobation;disapproval;disapprove;disapprovingly;disarm;disarmament;disarrange;disarrangement;disarray;disavow;disavowal;disband;disbandment;disbar;disbarment;disbelief;disbelieve;disbeliever;disburden;discard;discharge;disclaim;disclaimer;disclose;disclosure;discolour;discolouration;discomfort;discompose;discomposure;disconcert;disconcertingly;disconnect;disconnectedly;disconnection;discontent;discontentedly;discontentment;discontinuance;discontinue;discontinuity;discontinuous;discontinuously;discount;discourage;discouragement;discouragingly;discourse;discourtesy;discover;discredit;discreditable;discreditably;discriminate;discrimination;discriminatory;disease;disembody;disenfranchise;disenfranchisement;disengage;disengagement;disestablish;disestablishment;disfavour;disfigure;disfigurement;disforest;disfranchise;disfranchisement;disgrace;disgraceful;disgracefully;disguise;dishearten;dishonest;dishonestly;dishonesty;dishonor;dishonourable;dishonourably;disincentive;disinterest;disinterestedly;disinterestedness;disjoint;disjointedly;disjointedness;dislike;disloyal;disloyally;disloyalty;dismember;dismemberment;dismiss;dismissal;dismount;disobey;disoblige;disobligingly;disorder;disorderliness;disorderly;disorganization;disorganize;disown;dispassionate;dispassionately;dispatch;displace;displacement;displease;displeasingly;displeasure;disport;disposable;disposal;dispose;dispossess;dispossession;disproof;disproportion;disproportionate;disproportionately;disprove;disqualification;disqualify;disquiet;disquietude;disregard;disremember;disrepair;disrespect;disrespectful;disrespectfully;dissatisfaction;disservice;dissolution;distaste;distasteful;distastefully;distastefulness;distend;distension;distract;distribute;distribution;distributional;distributive;distributor;distributorship;distrust;distrustful;distrustfully;distrustfulness;disuse;indiscriminate;indiscriminately;indisposed;nondiscriminatory;predispose;redistribute;redistribution;undischarged;undisclosed
over-,"excessively, too much; above, over, beyond","quá mức, thái quá; ở trên, vượt quá","Tạo động từ (vd ~38% trường hợp, theo số liệu creates); thường gắn vào động từ hoặc tính từ gốc.",không có ngoại lệ chính tả đặc biệt,,123,overact;overactive;overage;overall;overbalance;overbear;overbearingly;overbid;overboard;overbore;overburden;overcall;overcast;overcharge;overclouded;overcoat;overcome;overcompensate;overcompensation;overcooked;overcooled;overcrowd;overcurious;overdo;overdose;overdraft;overdrawn;overdress;overdrive;overdue;overeager;overeat;overemphasis;overexcited;overexploitation;overexpose;overfeed;overfill;overflow;overflown;overfly;overgenerous;overgrowth;overhand;overhang;overhead;overhear;overheat;overjoy;overkill;overland;overlap;overlay;overleaf;overleapt;overload;overlong;overlook;overlord;overloud;overlying;overmaster;overmuch;overnight;overnighters;overpaid;overpass;overpayment;overplay;overpower;overpoweringly;overpressure;overpriced;overprint;overprotection;overprotective;overrate;overreach;overridden;override;overrule;overrun;oversea;oversee;overseen;overseer;oversell;oversexed;overshadow;overshoe;overshoot;overshot;overside;oversight;oversimplification;oversimplify;oversize;overskirt;oversleep;oversoft;oversoftness;overspill;overstate;overstatement;overstay;oversteer;overstep;overstock;overstraining;overstuffed;oversubscribed;overtake;overtaken;overtax;overthrow;overthrown;overtime;overtone;overtop;overturn;overweight;overwork;overwritten
co-,"together, jointly, with","cùng nhau, cùng, chung với","Tạo danh từ (vd ~54% trường hợp, theo số liệu creates); thường gắn vào danh từ hoặc động từ gốc.","Đồng hóa phụ âm (biến thể con-/com-): đổi thành 'com-' trước b/m/p (compose, commotion, compress), 'col-' trước l (collaborate), 'cor-' trước r (correlate), giữ 'co-' trước nguyên âm hoặc h (coexist, cohabit)","com- (trước b/m/p), col- (trước l), cor- (trước r), con- (dạng đầy đủ trước phụ âm khác), co- (trước nguyên âm/h)",122,coauthor;cobra;coeditors;coeducation;coeducational;coexist;coexistence;coexistent;cofactors;cohabit;cohabitation;collaborate;collaboration;collaborationism;collaborationist;collaborator;commissary;commission;commissionaire;commissioner;commotion;compose;composedly;composer;composite;composition;compositional;compositor;composure;compound;compress;compressibility;compressible;compression;compressive;compressor;compulsion;compulsive;compulsively;compulsiveness;compulsorily;compulsory;configuration;confine;confinement;confirm;confirmation;confluence;conform;conformable;conformably;conformance;conformation;conformational;conformity;confound;confoundedly;confront;confrontation;conjoin;conjoint;conjointly;conquest;conscript;conscription;conservancy;conservation;conservationist;conservatism;conservative;conservatively;conservatoire;conservatory;conserve;consolidate;consolidation;consonance;consonant;consonantal;constrain;constrainedly;constraint;constrict;constriction;constrictive;constrictor;consubstantiation;contest;contestable;contestant;context;contextual;contextually;contribute;contribution;contributor;contributory;conversely;conversion;copilot;correlate;correlation;correlative;cosignatory;cosponsors;covet;coworkers;decompose;decomposition;decompress;decompression;discompose;discomposure;incompressible;incontestability;incontestable;incontestably;noncommissioned;nonconformist;nonconformity;noncontributory
de-,"down, away, reverse, remove, reduce","xuống, đi khỏi, đảo ngược, loại bỏ, làm giảm","Tạo động từ (vd ~46% trường hợp, theo số liệu creates); thường gắn vào động từ hoặc danh từ gốc.",không có đồng hóa chính tả đặc biệt,,118,deactivated;deactivation;debag;debase;debasement;debate;debone;debrief;debug;decamp;decarbonize;declaim;declamation;declamatory;declassification;declassify;decode;decoder;decompose;decomposition;decompress;decompression;decontrol;decry;deface;defacement;defamation;defamatory;defame;defend;deflower;deforest;deforestation;deform;deformation;deformity;defraud;dehumanization;dehumanize;delimit;delimitate;delimitation;delineate;delineation;demarcate;demarcation;demerit;demineralization;demobilization;demobilize;demonstrable;demonstrably;demonstrate;demonstration;demonstrative;demonstratively;demonstrator;demoralization;demoralize;demythologize;denationalization;denationalize;denatured;denotation;denotative;denote;depend;depersonalization;deplane;deport;deportation;deportee;deportment;depose;deposit;depress;depressants;depressingly;depression;depressive;depressors;derail;derailment;derate;derestrict;desalt;descale;describable;describe;description;descriptive;descriptively;descriptiveness;desensitization;desensitize;deserve;deservedly;despatched;despoil;despoilers;detention;detour;detrain;detribalization;detribalize;devaluate;devaluation;devalue;devitalization;devitalize;indescribable;indescribably;nondescript;nondescriptly;undemonstrative;undeserved
en-,"to put into, to make, to cause to be","đưa vào, làm cho, khiến trở nên","Tạo động từ (vd ~53% trường hợp, theo số liệu creates); thường gắn vào tính từ hoặc danh từ gốc để tạo động từ (en+able, en+case).",không có đồng hóa chính tả đặc biệt theo nhóm tiền tố Latin chuẩn (in-/ad-/con-/ex-/sub-/syn-/ob-); tuy nhiên có biến thể thực tế 'em-' trước b/m/p (xem cột biến thể chính tả),"em- (trước b/m/p: embank, embody, empower, embitter)",85,disembody;disenfranchise;disenfranchisement;embank;embankment;embattled;embed;embellish;embellishment;embitter;embitterment;embodiment;embody;embolden;emboss;empanels;empathy;emplacement;empower;empurpled;enable;enact;enactment;encamp;encampment;encase;enchain;enchainment;encircle;encirclement;enclose;enclosure;encode;encounter;encourage;encouragement;encouragingly;encyclical;endanger;endearingly;endearment;enfold;enforce;enforceable;enforcement;enforcers;enfranchise;enfranchisement;engender;engrave;engross;engrossingly;enjoy;enjoyable;enjoyably;enjoyment;enlarge;enlargement;enlighten;enlightenment;enlist;enlistment;enliven;ennoble;ennoblement;enplane;enrage;enrich;enrichment;enrolment;enslave;enslavement;ensure;entail;entitle;entitlement;entrain;entrap;entrapment;entreat;entreatingly;entreaty;entrust;enwrap;reenact
out-,"outside, beyond, exceeding, away, surpassing","ra ngoài, vượt quá, hơn, đi xa","Tạo danh từ (vd ~39% trường hợp, theo số liệu creates); thường gắn vào danh từ hoặc động từ gốc.",không có ngoại lệ chính tả đặc biệt,,83,outback;outbalance;outbid;outboard;outbound;outbreak;outbuilding;outburst;outcast;outclass;outcome;outcrop;outcry;outdate;outdistance;outdo;outdoor;outface;outfall;outfielder;outfight;outfit;outflow;outgoing;outgrow;outgrown;outgrowth;outhouse;outlanders;outlandish;outlandishly;outlandishness;outlast;outlaw;outlawry;outlay;outlet;outline;outlive;outlook;outlying;outmatch;outmoded;outmost;outnumber;outpatient;outplay;outpointed;outpost;outpouring;output;outrage;outrageous;outrageously;outrank;outreach;outridden;outride;outrider;outright;outrun;outsell;outset;outshine;outside;outsider;outsize;outskirts;outsmart;outspread;outstanding;outstandingly;outstate;outstay;outstretched;outstrip;outta;outvote;outweigh;outwit;outwork;outworker
mis-,"wrongly, badly, incorrectly","sai, nhầm, không đúng","Tạo danh từ (vd ~46% trường hợp, theo số liệu creates); thường gắn vào động từ gốc.","không có đồng hóa chính tả đặc biệt; khi gốc bắt đầu bằng 's', tạo hai chữ 's' liên tiếp, không lược bớt (misspell, misstate, misshapen)",,80,misadvise;misalignment;misalliance;misapply;misbehave;misbehavior;misbehaviour;misbranded;miscall;miscarriage;miscarry;miscast;mischance;miscount;miscue;misdate;misdeal;misdealt;misdeed;misdirect;misdirection;misfire;misfit;misfortune;misgive;misgovern;misgovernment;misguide;misguidedly;mishandle;mishear;mishit;misinform;misinformation;misinterpret;misinterpretation;misinterpreters;misjudge;misjudgement;mislay;mislead;misleadingly;mismanage;mismanagement;mismatch;misname;misplace;misplacement;misprint;mispronounce;mispronunciation;misquotation;misquote;misread;misreport;misrepresent;misrepresentation;misrule;misshapen;misspell;misspelt;misspend;misstate;misstatement;mistakable;mistake;mistakenly;mistime;mistranslate;mistranslation;mistrial;mistrust;mistrustful;mistrustfully;mistrustfulness;misunderstand;misuse;unmistakable;unmistakably
under-,"below, beneath, insufficiently","ở dưới, bên dưới, không đủ mức","Tạo danh từ (vd ~45% trường hợp, theo số liệu creates); thường gắn vào danh từ hoặc động từ gốc.",không có ngoại lệ chính tả đặc biệt,,73,underachievers;underact;underage;underarm;underbedding;underbid;underbrush;undercarriage;undercharge;underclassman;underclothes;undercoat;undercover;undercurrent;undercut;underdeveloped;underdog;undereducated;underestimate;underexpose;underexposure;underfloor;underfoot;undergo;undergraduate;underground;undergrowth;underhand;underhandedly;underhandedness;underlain;underlay;underlie;underline;undermentioned;undermine;underpants;underpass;underpay;underpayment;underpin;underprivileged;underrate;underscore;undersea;undersecretary;undersell;undersexed;undershirt;undershoot;underside;undersign;undersize;understaffed;understate;understatement;understocked;undertake;undertaken;undertaker;undertone;undervaluation;undervalue;underwater;underway;underwear;underweight;underwood;underworld;underwrite;underwriter;underwritten
pre-,"before, in advance, prior to","trước, trước khi","Tạo danh từ (vd ~43% trường hợp, theo số liệu creates); thường gắn vào động từ hoặc danh từ gốc.","không có đồng hóa chính tả đặc biệt; trước gốc bắt đầu bằng nguyên âm 'e' đôi khi thêm dấu gạch nối để tránh nhầm lẫn (pre-eminent, pre-exist), dù nhiều từ vẫn viết liền (preexist)",,61,prearrange;prearrangement;precast;precaution;preconcerted;precondition;preconscious;precook;precut;predetermination;predetermine;predeterminer;prediction;predispose;preemployment;prefabricate;prefabrication;preface;prefer;prefigure;prefix;preflight;preheat;prehistoric;prejudge;prejudgement;premature;prematurely;premix;preoccupation;preoccupy;prepack;prepackage;prepay;prepayment;prepossess;prepossession;prerecord;preschool;preschooler;prescribe;prescription;prescriptive;prescriptively;preseason;preservable;preservation;preservative;preserve;preserver;preset;preside;prestressed;presuppose;presupposition;pretend;pretest;pretrial;prevent;preview;prewar
inter-,"between, among, mutually, reciprocally","giữa, lẫn nhau, qua lại","Tạo tính từ (vd ~37% trường hợp, theo số liệu creates); thường gắn vào tính từ hoặc danh từ gốc.",không có ngoại lệ chính tả đặc biệt,,49,interact;interaction;interactive;interbred;interchange;interchangeability;interchangeable;interchangeably;intercollegiate;interconnected;interconnectedness;intercourse;interdepartmental;interdisciplinary;interface;interfacial;interfaith;intergovernmental;intergroup;interleave;interlining;interlink;interlock;intermarriage;intermarry;intermediate;intermix;international;internationale;internationalism;internationalization;internationalize;internationally;interpersonal;interplanetary;interplay;interpose;interracial;interracially;interrelate;interrelation;interrelationship;intersection;interspecies;interstage;interstate;intertribal;interview;interweave
non-,"not, absence of, lack of","không, sự vắng mặt của","Tạo tính từ (vd ~65% trường hợp, theo số liệu creates); thường gắn vào tính từ hoặc danh từ gốc.",không có ngoại lệ chính tả đặc biệt; có thể viết có hoặc không có dấu gạch nối tùy phong cách (non-existent/nonexistent),,49,nonacid;nonaligned;nonalignment;nonassertive;nonassertively;nonchurchgoing;noncombatant;noncommissioned;noncommittal;noncommittally;noncompliance;nonconformist;nonconformity;noncontributory;nondescript;nondescriptly;nondiscriminatory;nondrying;nonentity;nonexistent;nonfiction;nonflammable;nonfood;noninflammable;nonlinear;nonmetallic;nonmusical;nonmythological;nonobservance;nonobservant;nonpartisan;nonpayment;nonprofit;nonracial;nonreactivity;nonreactors;nonresident;nonresidential;nonrestrictive;nonsense;nonsensical;nonsensically;nonsmoker;nonstandard;nonstarter;nonstick;nonstop;nonsystematic;nonwhite
fore-,"before, in front, earlier in time or position","trước, phía trước, sớm hơn","Tạo danh từ (vd ~58% trường hợp, theo số liệu creates); thường gắn vào danh từ hoặc động từ gốc.",không có ngoại lệ chính tả đặc biệt,,48,forbear;forbearance;forbore;forearm;forecast;forecasters;forecastle;foreclose;foreclosure;forecourt;forefather;forefinger;forefoot;forefront;foreground;forehand;forehead;foreknow;foreknown;foreleg;forelock;forename;forenoon;forepart;foreplay;forerunner;foresee;foreseeable;foreseen;foreshadow;foreshore;foreshorten;foresight;foreskin;forestall;foretaste;foretell;forethought;forever;forewarn;foreword;forgather;forgo;forsake;forsaken;forswear;godforsaken
sub-,"under, below, subordinate, lesser degree","dưới, thấp hơn, phụ, cấp dưới","Tạo danh từ (vd ~63% trường hợp, theo số liệu creates); thường gắn vào danh từ hoặc tính từ gốc.","Đồng hóa phụ âm cuối trước gốc bắt đầu bằng phụ âm: 'suc-' trước c (succeed), 'suf-' trước f (suffer), 'sug-' trước g (suggest), 'sum-' trước m (summon), 'sup-' trước p (support), 'sur-' trước r (surrogate), 'sus-' trước c/p/t (suspect, sustain); giữ nguyên 'sub-' trước nguyên âm và phần lớn phụ âm khác","suc-, suf-, sug-, sum-, sup-, sur-, sus- (đồng hóa trước phụ âm tương ứng)",46,antisubmarine;oversubscribed;subconscious;subconsciously;subconsciousness;subcontract;subcontractor;subdivide;subdivision;subedit;subeditor;subfigures;subgross;subgroups;subheading;subhuman;subhumanity;sublet;submarine;submerge;submergence;subnormal;subparts;subplot;subroutine;subscribe;subscriber;subscription;subsection;subserve;subservience;subservient;subsoil;subsonic;subspace;subspecies;substance;substandard;subsystem;subtenant;subtitle;subtype;suburban;subway
ex-,"out of, out from, former, previous","ra khỏi, nguyên, trước đây, cựu","Tạo danh từ (vd ~48% trường hợp, theo số liệu creates); thường gắn vào danh từ hoặc động từ gốc.","Trước phụ âm hữu thanh (b, d, g, l, m, n, r, v) thường rút gọn thành 'e-' (ex+migrare=emigrate, exmerge→emerge); trước 'f' đồng hóa thành 'ef-' (ex+fect=effect); giữ nguyên 'ex-' trước nguyên âm và phần lớn phụ âm khác (c, p, t, s, h, exchange, export)","e- (trước phụ âm hữu thanh: emerge, elaborate), ef- (trước f: effect)",40,exchange;exchangeable;exclaim;exclamation;exclamatory;exhusband;export;exportable;exportation;exporter;expose;exposure;express;expressible;expression;expressionism;expressionistic;expressionless;expressionlessly;expressive;expressively;expressiveness;expressly;expressway;expulsion;extend;extension;extensive;extensively;extensiveness;extensor;extent;exterritorial;inexpressible;inexpressibly;overexpose;underexpose;underexposure
up-,"up, upward, higher","lên, hướng lên, cao hơn","Tạo danh từ (vd ~46% trường hợp, theo số liệu creates); thường gắn vào danh từ hoặc động từ gốc.",không có ngoại lệ chính tả đặc biệt,,39,oneupmanship;upbeat;upbringing;upcoming;upcountry;update;upend;upgrade;uphill;uphold;upholder;upkeep;uplands;uplift;upmost;upraised;upright;uprightly;uprightness;uprising;upriver;uproot;uprose;upset;upshot;upside;upstage;upstairs;upstanding;upstart;upstate;upstream;upsurge;upswing;uptake;uptight;uptown;uptrend;upturn
pro-,"forward, forth, in front of; in favor of","về phía trước; ủng hộ, tán thành","Tạo danh từ (vd ~51% trường hợp, theo số liệu creates); thường gắn vào động từ hoặc danh từ gốc.",không có ngoại lệ chính tả đặc biệt,,35,disproportion;disproportionate;disproportionately;proclaim;proclamation;procreate;procreation;procreative;procreativity;product;profit;program;prologue;prolong;prolongation;proportion;proportionable;proportional;proportionality;proportionally;proportionate;proportionately;proposal;propose;proposer;proposition;propositional;propound;propulsion;propulsive;proscribe;proscription;protest;provise;provision
be-,"to make, cause to become; thoroughly; around, over, about","làm cho, khiến trở thành; hoàn toàn; xung quanh, khắp","Tạo động từ (vd ~56% trường hợp, theo số liệu creates); thường gắn vào danh từ hoặc tính từ gốc để tạo động từ (be+friend, be+little).",không có ngoại lệ chính tả đặc biệt,,34,becalmed;bedeck;bedevil;bedevilment;befall;befallen;befit;befittingly;befriend;beget;begetter;behead;beholding;belabour;belated;belatedly;belay;belie;belittle;beloved;bemaddening;benighted;benightedly;bequest;beseem;beset;beside;bespeak;bestir;betaken;bethink;bethought;unbeknown;unbeknownst
super-,"above, over, beyond, extremely, to a great degree","ở trên, vượt trên, cực kỳ","Tạo danh từ (vd ~52% trường hợp, theo số liệu creates); thường gắn vào danh từ hoặc tính từ gốc.",không có ngoại lệ chính tả đặc biệt,,33,supercargo;supercharged;supercharger;supercritical;superego;superfine;superfluity;superfluous;superfluously;superfluousness;superhighways;superhuman;superimpose;superintend;superintendent;superman;supermarket;supernatural;supernaturalism;supernaturally;supernormal;superposition;superpower;superscribe;superscription;supersensitive;supersonic;superstar;supertax;supervise;supervision;supranational;supranationalism
trans-,"across, beyond, through, change of state or position","xuyên qua, vượt qua, thay đổi trạng thái","Tạo danh từ (vd ~45% trường hợp, theo số liệu creates); thường gắn vào động từ hoặc danh từ gốc.","không có đồng hóa chính tả đặc biệt theo nhóm tiền tố Latin chuẩn; trước gốc bắt đầu bằng 's' đôi khi giản lược một 's' trong văn phong không trang trọng (transship/tranship, transsexual/transexual), nhưng dạng chuẩn vẫn giữ đầy đủ 'trans-'",,33,transact;transaction;transcribe;transcription;transcultural;transfiguration;transfigure;transfix;transform;transformable;transformation;transformer;translate;transoceanic;transplant;transplantable;transplantation;transpolar;transport;transportable;transportation;transporter;transpose;transposition;transsexual;transship;transshipment;transversally;transverse;transversely;traverse
e-,"out, out of, from (variant of ex- before certain consonants)","ra, ra khỏi, từ (biến thể của ex- trước một số phụ âm)","Tạo danh từ (vd ~40% trường hợp, theo số liệu creates); thường gắn vào động từ gốc.","là biến thể đồng hóa của 'ex-' xuất hiện trước phụ âm hữu thanh (b, d, g, l, m, n, r, v: emerge, elaborate, evaluate); bản thân 'e-' không có đồng hóa thêm","liên quan ex-, ef- (cùng gốc Latin 'ex-')",25,efface;effacement;elaborate;elaborately;elaborateness;elaboration;elongate;elongation;emerge;emergence;emergent;emissary;especial;especially;espousal;espouse;estrange;estrangement;evaluate;evaluation;evaluative;ineffaceable;reemerged;reevaluation;selfeffacing
cross-,"across, crosswise, intersecting, mutually","băng qua, chéo nhau, giao nhau, qua lại","Tạo danh từ (vd ~84% trường hợp, theo số liệu creates); thường gắn vào danh từ gốc (dạng ghép compound).",không có ngoại lệ chính tả đặc biệt,,19,crossbar;crossbeam;crossbones;crossbow;crossbred;crosscheck;crosscountry;crosscurrent;crosscut;crosseyed;crossfire;crossover;crosspatch;crosspiece;crossroad;crosswalk;crossways;crosswind;crossword
counter-,"against, opposing; in return, corresponding, matching","chống lại, đối lập; đáp lại, tương ứng","Tạo danh từ (vd ~94% trường hợp, theo số liệu creates); thường gắn vào danh từ hoặc động từ gốc.",không có ngoại lệ chính tả đặc biệt,,18,counteract;counteraction;counterattack;counterattacker;counterattraction;counterbalance;counterblast;counterclaim;counterflow;counterman;countermeasure;countermove;counterpart;counterplot;counterpoint;counterproposal;countersign;countersink
mid-,"middle, halfway, central","giữa, ở giữa, trung tâm","Tạo danh từ (vd ~76% trường hợp, theo số liệu creates); thường gắn vào danh từ gốc.",không có ngoại lệ chính tả đặc biệt,,17,midair;midday;midmorning;midmost;midnight;midpoint;midship;midshipman;midstream;midsummer;midway;midweek;midwest;midwestern;midwesterners;midwife;midwifery
anti-,"against, opposing, counteracting, preventing","chống lại, đối lập, ngăn ngừa","Tạo tính từ (vd ~47% trường hợp, theo số liệu creates); thường gắn vào danh từ hoặc tính từ gốc.","không có đồng hóa chính tả đặc biệt; trước gốc bắt đầu bằng nguyên âm đôi khi rút gọn thành 'ant-' (antacid), tuy hiếm gặp trong dữ liệu này","ant- (trước nguyên âm, ví dụ antacid)",17,antiaircraft;antibody;anticlockwise;antifreeze;antigen;antihero;antiknock;antimatter;antipathetic;antipathetically;antipathy;antipersonnel;antiredeposition;antislavery;antisubmarine;antitank;antitrust
down-,"down, downward, lower","xuống, hướng xuống, thấp hơn","Tạo danh từ (vd ~44% trường hợp, theo số liệu creates); thường gắn vào danh từ hoặc động từ gốc.",không có ngoại lệ chính tả đặc biệt,,16,downbeat;downcast;downfall;downgrade;downhearted;downheartedly;downhill;downpayment;downpour;downright;downstair;downstream;downtown;downtrend;downturn;downwind
bi-,"two, twice, having two, occurring twice","hai, hai lần, có hai, xảy ra hai lần","Tạo tính từ (vd ~50% trường hợp, theo số liệu creates); thường gắn vào danh từ hoặc tính từ gốc.",không có ngoại lệ chính tả đặc biệt,,16,bicameral;bicarbonate;bicycle;bicyclist;bilinear;bimetallic;bimonthly;bipartisan;bipartite;biplane;biracial;bisexual;bisexuality;bisexually;biweekly;bizonal
sur-,"over, above, beyond, in addition to","ở trên, vượt quá, thêm vào","Tạo danh từ (vd ~47% trường hợp, theo số liệu creates); thường gắn vào danh từ hoặc động từ gốc.","không có đồng hóa chính tả đặc biệt (đây là tiền tố gốc Pháp cổ từ Latin 'super-', không phải dạng đồng hóa của 'sub-')",,15,insurmountable;surcharge;surcoat;surmount;surmountable;surname;surplus;surreal;surrealism;surrealist;surrealistic;surrender;surround;surtax;unsurmountable
micro-,"small, extremely small, microscopic","nhỏ, cực nhỏ, vi mô","Tạo danh từ (vd ~79% trường hợp, theo số liệu creates); thường gắn vào danh từ gốc.",không có ngoại lệ chính tả đặc biệt,,14,microanalysis;microdot;microelectronics;microfilm;microfossils;microorganism;microphone;microscope;microscopic;microscopical;microscopically;microscopy;microsecond;microwave
back-,"backward, behind, in return, to a previous position/state (combining form)","về phía sau, ngược lại, trở về vị trí/trạng thái trước đó (dạng kết hợp)","Không có pos áp đảo rõ rệt — tạo danh từ (7) và động từ (6) khá cân bằng (53.8%/46.2%); thường gắn vào động từ/danh từ gốc bản địa (bite, date, fire, slide, space, talk, track, wash).","từ ghép trực tiếp trong tiếng Anh bản địa, không đồng hóa; không có ngoại lệ chính tả đặc biệt",,13,backbit;backbite;backbiter;backbitten;backchat;backdate;backfire;backslide;backslider;backspace;backtalk;backtrack;backwash
uni-,"one, single, consisting of one part","một, đơn, gồm một phần","Tạo danh từ là chủ yếu (50%, 6/12); còn lại tính từ (25%), phó từ (16.7%), động từ (8.3%); thường gắn vào gốc danh từ/tính từ Latin (form, sex, verse, versal).","tiền tố Latin, không thuộc nhóm đồng hóa (in-/ad-/con-/ex-/sub-/syn-/ob-); không có đồng hóa chính tả đặc biệt",,12,unidirectional;uniform;uniformity;uniformly;unisex;universal;universality;universalize;universally;universe;university
eu-,"good, well, pleasant (Greek combining form)","tốt, hay, dễ chịu (gốc Hy Lạp)","Tạo danh từ là chủ yếu (50%, 6/12); còn lại tính từ (25%), phó từ (16.7%), động từ (8.3%); thường gắn vào gốc Hy Lạp (gen-, log-, phon-).","gốc Hy Lạp, giữ nguyên trước nguyên âm (eulogy, euphonious); không có ngoại lệ chính tả đặc biệt",,12,eugenic;eugenically;eugenics;eulogist;eulogistic;eulogistically;eulogize;eulogizers;eulogy;euphonious;euphonium;euphony
mal-,"bad, badly, wrongly, improperly, ill","xấu, tồi, sai, không đúng cách","Không có pos áp đảo rõ rệt — tạo danh từ (50%) và tính từ (41.7%) gần tương đương, ít động từ (8.3%); thường gắn vào gốc danh từ/tính từ/động từ Latin (adjust, form, function, nutrition, practice, treat).","mal- không thuộc nhóm 7 tiền tố Latin có đồng hóa; giữ nguyên trước phụ âm/nguyên âm (maladjusted, malformation); không có đồng hóa chính tả đặc biệt",,12,maladaptive;maladjusted;maladjustment;malcontent;malformation;malformed;malfunction;malnutrition;malposed;malpractice;maltreat;maltreatment
off-,"away from, off, separate, at a distance","rời khỏi, tách biệt, ở xa, không còn gắn với","Không có pos áp đảo rõ rệt — tạo phó từ và danh từ ngang nhau (5/5, 45.5% mỗi loại), rất ít tính từ (1); thường gắn vào danh từ/động từ gốc (beat, hand, print, set, shoot, shore, side, spring, stage).","từ ghép tiếng Anh bản địa, không đồng hóa; không có ngoại lệ chính tả đặc biệt",,11,offbeat;offhand;offhandedly;offhandedness;offprint;offset;offshoot;offshore;offside;offspring;offstage
mono-,"one, single, alone (Greek combining form)","một, đơn, duy nhất (gốc Hy Lạp)","Tạo danh từ là chủ yếu (72.7%, 8/11); còn lại tính từ (18.2%), phó từ (9.1%); thường gắn vào gốc Hy Lạp/Latin (logue, plane, rail, tone, type).",gốc Hy Lạp; không có ngoại lệ chính tả đặc biệt trong các ví dụ này (đều giữ nguyên mono-),"mon- (rút gọn trước nguyên âm, vd monarchy, monody)",11,mondays;monologist;monologue;monoplane;monorail;monotone;monotonous;monotonously;monotonousness;monotony;monotype
semi-,"half, partly, incompletely","nửa, một phần, không hoàn toàn","Không có pos áp đảo rõ rệt — tạo danh từ (50%) và tính từ (40%) khá gần nhau, ít phó từ (10%); thường gắn vào tính từ/danh từ gốc (automatic, circular, final, precious, secret, tone, weekly).","không đồng hóa, giữ nguyên trước nguyên âm/phụ âm (semiautomatic); không có ngoại lệ chính tả đặc biệt",,10,semiautomatic;semicircle;semicircular;semifinal;semifinalist;semiology;semiprecious;semisecret;semitone;semiweekly
post-,"after, following, later than (in time or order)","sau, tiếp sau, muộn hơn (về thời gian hoặc thứ tự)","Tạo danh từ là chủ yếu (60%, 6/10); còn lại tính từ (30%), động từ (10%); thường gắn vào danh từ gốc (bag, box, card, code, graduate, script, season, war).","không đồng hóa; thường viết liền trong các từ thông dụng (postwar) nhưng có gạch nối trước nguyên âm/tên riêng (post-election, không có trong batch này); không có ngoại lệ chính tả đặc biệt",,10,postbag;postbox;postcard;postcode;postdate;postgraduate;postpaid;postscript;postseason;postwar
su-,"under, below; secretly (reduced assimilated form of Latin sub- before p)","dưới, ngầm, kín đáo (dạng đồng hóa/rút gọn của tiền tố Latin sub- trước p)","Tạo danh từ là chủ yếu (60%, 6/10); còn lại động từ (20%), phó từ (10%), tính từ (10%); gắn vào gốc động từ Latin -pose/-press (suppose, suppress).","đây là phần còn lại sau khi tách phụ âm đôi 'pp' khỏi tiền tố Latin sub- đã đồng hóa: b→p trước gốc bắt đầu bằng p (sub+pose=suppose, sub+press=suppress)","sub- (dạng gốc), sup- (đồng hóa trước p, vd suppose, suppress, support)",10,presuppose;presupposition;suppose;supposedly;supposition;suppository;suppression;suppressive;suppressiveness;suppressor
sym-,"with, together, jointly (assimilated form of Greek syn- before b/m/p)","cùng, cùng nhau, chung (dạng đồng hóa của syn- trước b/m/p)","Không có pos áp đảo rõ rệt — tạo tính từ và danh từ ngang nhau (3/3, 33.3% mỗi loại), còn phó từ (22.2%), động từ (11.1%); gắn vào gốc Hy Lạp (pathy, phony).","tiền tố Hy Lạp syn- đồng hóa n→m trước phụ âm môi b/m/p (syn+pathy=sympathy, syn+phony=symphony)","syn- (dạng gốc), syl- (trước l, vd syllable), sy- (trước s, vd system)",9,sympathetic;sympathetically;sympathize;sympathizer;sympathizingly;sympathy;symphonic;symphony;unsympathetic
o-,"against, toward, in the way of (assimilated/reduced form of Latin ob- before p)","chống lại, hướng về, cản trở (dạng đồng hóa/rút gọn của tiền tố Latin ob- trước p)","Tạo danh từ nhiều nhất (44.4%, 4/9); còn lại động từ và tính từ ngang nhau (22.2% mỗi loại), phó từ (11.1%); gắn vào gốc động từ Latin -pose/-press (oppose, oppress).","đây là phần còn lại sau khi tách phụ âm đôi 'pp' khỏi tiền tố Latin ob- đã đồng hóa: b→p trước gốc bắt đầu bằng p (ob+pose=oppose, ob+press=oppress)","ob- (dạng gốc), oc- (trước c, vd occur), of- (trước f, vd offer), op- (trước p, vd oppose)",9,oppose;opposite;opposition;oppress;oppression;oppressive;oppressively;oppressiveness;oppressor
by-,"secondary, subordinate, near, aside from the main","phụ, thứ yếu, bên cạnh, ngoài lề (so với cái chính)","Tạo danh từ 100% (8/8 từ ví dụ); gắn vào danh từ/động từ gốc bản địa (law, line, pass, path, road, stander, way, word).","từ ghép tiếng Anh bản địa, không đồng hóa; không có ngoại lệ chính tả đặc biệt",,8,bylaw;byline;bypass;bypath;byroad;bystander;byway;byword
multi-,"many, multiple, more than one or two","nhiều, đa, hơn một hoặc hai","Tạo tính từ là chủ yếu (87.5%, 7/8); còn lại danh từ (12.5%); gắn vào tính từ/danh từ gốc (channel, color, dimensional, national, purpose, racial).","không đồng hóa, giữ nguyên trước nguyên âm/phụ âm (multimegaton); không có ngoại lệ chính tả đặc biệt",,8,multichannel;multicolor;multidimensional;multimegaton;multimillionaire;multinational;multipurpose;multiracial
on-,"on, onto, forward, in progress, continuing","trên, tiến về phía trước, đang diễn ra, tiếp diễn","Không có pos áp đảo rõ rệt — tạo tính từ và danh từ ngang nhau (3/3, 42.9% mỗi loại), ít giới từ (1); gắn vào động từ/danh từ gốc (come, go, look, rush, set, shore).","từ ghép tiếng Anh bản địa, không đồng hóa; không có ngoại lệ chính tả đặc biệt",,7,oncoming;ongoing;onlooker;onrush;onset;onshore;onto
hyper-,"over, above, excessive, beyond normal","trên, vượt quá, quá mức bình thường","Tạo danh từ là chủ yếu (57.1%, 4/7); còn lại tính từ (28.6%), phó từ (14.3%); gắn vào gốc tính từ/danh từ Hy Lạp-Latin (critical, market, sensitive, trophy).","gốc Hy Lạp, không đồng hóa, giữ nguyên trước nguyên âm (hyperactive); không có ngoại lệ chính tả đặc biệt",,7,hypercellularity;hypercritical;hypercritically;hypermarket;hypersensitive;hypersensitivity;hypertrophy
half-,"partly, incompletely; one of two equal parts","một nửa, không hoàn toàn, một trong hai phần bằng nhau","Tạo danh từ là chủ yếu (71.4%, 5/7); còn lại tính từ và phó từ (mỗi loại 1); gắn vào danh từ/tính từ gốc (back, hearted, penny, time, tone, way).","từ ghép tiếng Anh bản địa, không đồng hóa; không có ngoại lệ chính tả đặc biệt",,7,halfback;halfhearted;halfpenny;halfpennyworth;halftime;halftone;halfway
epi-,"upon, above, outer, in addition to","trên, bên ngoài, thêm vào","Tạo danh từ nhiều nhất (50%, 3/6); còn lại tính từ (33.3%), phó từ (16.7%); gắn vào gốc Hy Lạp (centre, cycle, genetic, logue).",gốc Hy Lạp; không có ngoại lệ chính tả đặc biệt trong các ví dụ này,"ep- (rút gọn trước nguyên âm, vd epoch, epode)",6,epicentre;epicycle;epicyclically;epidemiological;epigenetic;epilogue
circum-,"around, about, on all sides","xung quanh, vòng quanh, về mọi phía","Không có pos áp đảo rõ rệt — tạo tính từ và danh từ ngang nhau (2/2, 33.3% mỗi loại), còn động từ và phó từ (mỗi loại 1); gắn vào gốc động từ/danh từ Latin (polar, scribe, stance).",circum- không thuộc nhóm 7 tiền tố Latin có đồng hóa; không có đồng hóa chính tả đặc biệt,,6,circumpolar;circumscribe;circumscription;circumstance;circumstantial;circumstantially
after-,"later, following, subsequent, coming after","sau, tiếp theo, xảy ra sau","Tạo danh từ 100% (6/6 từ ví dụ); gắn vào danh từ gốc bản địa (birth, care, life, noon, taste, thought).","từ ghép tiếng Anh bản địa, không đồng hóa; không có ngoại lệ chính tả đặc biệt",,6,afterbirth;aftercare;afterlife;afternoon;aftertaste;afterthought
ab-,"away from, off, departing from","rời khỏi, tách khỏi, xa khỏi","Không có pos áp đảo rõ rệt — tạo tính từ và danh từ ngang nhau (2/2, 33.3% mỗi loại), còn phó từ và động từ (mỗi loại 1); gắn vào gốc tính từ/danh từ Latin (normal, original, solve).",ab- không thuộc nhóm 7 tiền tố Latin có đồng hóa theo quy tắc; không có đồng hóa chính tả đặc biệt trong nhóm này,"abs- (trước c/t, vd abstract, abstain), a- (trước m/v, vd avert, amend)",6,abnormal;abnormality;abnormally;aboriginal;aborigine;absolve
retro-,"backward, back, behind in time or position","ngược lại, lùi về sau (thời gian hoặc vị trí)","Không có pos áp đảo rõ rệt — tạo tính từ và danh từ ngang nhau (2/2, 40% mỗi loại), ít phó từ (1); gắn vào gốc tính từ/danh từ Latin (active, grade).",retro- không thuộc nhóm 7 tiền tố Latin có đồng hóa; không có đồng hóa chính tả đặc biệt,,5,retroactive;retroactively;retrogradations;retrograde;retrorocket
di-,"two, double (Greek); or reduced form of Latin dis- (apart, not, reversal)","hai, đôi (gốc Hy Lạp); hoặc dạng rút gọn của dis- (tách rời, phủ định, đảo ngược, gốc Latin)","Tạo động từ là chủ yếu (50%, 2/4); còn lại danh từ và phó từ (mỗi loại 1); gắn vào gốc danh từ/động từ (pole, spirit, solve).","đây là hỗn hợp hai gốc khác nhau — di- (Hy Lạp, nghĩa 'hai', vd dipole) và dis- (Latin) rút gọn/đồng hóa trước s: giữ 'ss' ở một số từ (dissolve) nhưng chỉ còn 1 s ở từ khác (dispirit)","dis- (dạng đầy đủ), dif- (trước f, vd differ)",4,dipole;dispirit;dispiritedly;dissolve
ultra-,"beyond, extremely, to an excessive degree","vượt quá, cực kỳ, ở mức độ quá mức","Tạo tính từ là chủ yếu (75%, 3/4); còn lại phó từ (25%); gắn vào tính từ/danh từ gốc (marine, modern, sonic).",không đồng hóa; không có ngoại lệ chính tả đặc biệt,,4,ultramarine;ultramodern;ultrasonic;ultrasonically
syn-,"with, together, at the same time, alike","cùng, cùng nhau, đồng thời, giống nhau","Tạo tính từ là chủ yếu (50%, 2/4); còn lại phó từ (25%), danh từ (25%); gắn vào gốc Hy Lạp (tactic, tax).","tiền tố Hy Lạp syn- đồng hóa trước một số phụ âm: sym- (trước b/m/p), syl- (trước l), sy- (trước s/z)","sym- (trước b/m/p), syl- (trước l), sy- (trước s/z)",4,syntactic;syntactical;syntactically;syntax
mega-,"large, great; one million (in metric units)","lớn, to; một triệu (trong đơn vị đo lường hệ mét)","Tạo danh từ là chủ yếu (75%, 3/4); còn lại tính từ (25%); gắn vào danh từ gốc (death, phone, ton).","gốc Hy Lạp, không đồng hóa; không có ngoại lệ chính tả đặc biệt",,4,megadeath;megaphone;megaton;multimegaton
omni-,"all, every, in all ways","tất cả, mọi, về mọi mặt","Không có pos áp đảo rõ rệt — tạo danh từ và tính từ ngang nhau (2/2, 50% mỗi loại); gắn vào gốc tính từ Latin (potent, present).",omni- không thuộc nhóm 7 tiền tố Latin có đồng hóa; không có đồng hóa chính tả đặc biệt,,4,omnipotence;omnipotent;omnipresence;omnipresent
kilo-,one thousand (metric unit prefix),một nghìn (tiền tố đơn vị đo lường hệ mét),"Tạo danh từ 100% (4/4 từ ví dụ); gắn vào danh từ đơn vị đo (cycle, litre, metre, ton).","gốc Hy Lạp, không đồng hóa; không có ngoại lệ chính tả đặc biệt",,4,kilocycle;kilolitre;kilometre;kiloton
tri-,"three, having three parts","ba, có ba phần","Không có pos áp đảo rõ rệt — tạo danh từ và tính từ ngang nhau (2/2, 50% mỗi loại); gắn vào danh từ gốc (angle, cycle, partite).",không đồng hóa; không có đồng hóa chính tả đặc biệt,,4,triangle;triangular;tricycle;tripartite
sup-,"under, below; providing support from beneath (assimilated form of Latin sub- before p)","dưới, hỗ trợ từ bên dưới (dạng đồng hóa của tiền tố Latin sub- trước p)","Tạo động từ là chủ yếu (66.7%, 2/3); còn lại danh từ (33.3%); gắn vào gốc động từ Latin (ply, port, press).","tiền tố Latin sub- đồng hóa: b→p trước gốc bắt đầu bằng p (sub+port=support, sub+press=suppress)","sub- (dạng gốc), su- (giản lược thêm, cùng gốc sub- đồng hóa, vd suppose)",3,supply;support;suppress
u-,"not, no (reduced form of Greek ou-, appearing only in the 'utopia' word family)","không, không có (dạng rút gọn của tiền tố Hy Lạp ou-, chỉ xuất hiện trong họ từ 'utopia')","Tạo danh từ là chủ yếu (66.7%, 2/3); còn lại tính từ (33.3%); toàn bộ ví dụ đều thuộc họ từ 'utopia' (gốc Hy Lạp topos = nơi chốn).","chỉ xuất hiện trong họ từ 'utopia' (Thomas More, 1516, từ ou-topos = 'không nơi chốn'), không phải tiền tố sản sinh (productive) trong tiếng Anh hiện đại",,3,utopia;utopian;utopianism
ful-,"variant of 'full', meaning 'completely, to the full extent' (as in fulfill, from full + fill)","biến thể của 'full', nghĩa 'đầy đủ, hoàn toàn' (như trong fulfill, từ full + fill)","Không có pos áp đảo rõ rệt — tạo nhiều loại từ khác nhau tùy gốc (động từ, danh từ, tính từ đều 1/3)",không có ngoại lệ chính tả đặc biệt,,3,fulfill;fulfillment;unfulfilled
milli-,forms words denoting one thousandth of a unit (metric prefix),tạo từ chỉ một phần nghìn của đơn vị (tiền tố hệ mét),"Tạo danh từ (100% trường hợp); thường gắn vào danh từ đơn vị đo lường gốc (bar, litre, metre)",không có ngoại lệ chính tả đặc biệt,,3,millibar;millilitre;millimetre
poly-,"many, multiple","nhiều, đa","Tạo tính từ (100% trường hợp); thường gắn vào tính từ/danh từ gốc Hy Lạp (crystalline, phonic, tonal)",không có ngoại lệ chính tả đặc biệt,,3,polycrystalline;polyphonic;polytonal
ante-,"before, prior to (in time or position)","trước, trước đó (về thời gian hoặc vị trí)","Tạo danh từ (67% trường hợp, vd chamber, room); cũng tạo động từ (33%, vd date); thường gắn vào danh từ hoặc động từ gốc",không có ngoại lệ chính tả đặc biệt,,3,antechamber;antedate;anteroom
demi-,half,"nửa, một nửa","Tạo danh từ (67% trường hợp, vd god, goddess); cũng tạo tính từ (33%); thường gắn vào danh từ gốc",không có ngoại lệ chính tả đặc biệt,,3,demigod;demigoddess;epidemiological
extra-,"outside, beyond; more than","ngoài, vượt ra ngoài; hơn mức","Tạo tính từ (100% trường hợp); thường gắn vào tính từ gốc Latin (legal, sensory, territorial)",không có ngoại lệ chính tả đặc biệt,,3,extralegal;extrasensory;extraterritorial
quint-,five; fifth,"năm, thứ năm","Không có pos áp đảo rõ rệt — tạo nhiều loại từ khác nhau tùy gốc (danh từ, tính từ, trạng từ đều 1/3)",không có ngoại lệ chính tả đặc biệt,,3,quintessence;quintessential;quintessentially
quad-,four,bốn,"Tạo tính từ (67% trường hợp, vd angular, ripartite); cũng tạo danh từ (33%, vd angle); thường gắn vào danh từ/tính từ gốc Latin",không có ngoại lệ chính tả đặc biệt,"quadri- (trước một số gốc, vd quadripartite), quadru- (vd quadruped)",3,quadrangle;quadrangular;quadripartite
through-,"through, by way of, from beginning to end","xuyên qua, suốt, từ đầu đến cuối","Tạo danh từ (67% trường hợp, vd put, way); cũng tạo trạng từ (33%, vd out); thường gắn vào danh từ/giới từ gốc",không có ngoại lệ chính tả đặc biệt,"thru- (chính tả rút gọn không chính thức, vd thruway)",3,throughout;throughput;throughway
hypo-,"under, below (in degree or position); deficient","dưới, thiếu, kém (mức độ hoặc vị trí)","Không có pos áp đảo rõ rệt — tạo nhiều loại từ khác nhau tùy gốc (tính từ, danh từ đều 1/2)",không có ngoại lệ chính tả đặc biệt,"hyp- (trước gốc bắt đầu bằng nguyên âm, vd hypallage)",2,hypoactive;hypocellularity
al-,"variant of 'all', meaning 'wholly, completely' (as in almighty, although)","biến thể của 'all', nghĩa 'toàn bộ, hoàn toàn' (như trong almighty, although)","Không có pos áp đảo rõ rệt — tạo nhiều loại từ khác nhau tùy gốc (tính từ, liên từ đều 1/2)",không có ngoại lệ chính tả đặc biệt,,2,almighty;although
hemi-,half,"nửa, một nửa","Không có pos áp đảo rõ rệt — tạo nhiều loại từ khác nhau tùy gốc (danh từ, tính từ đều 1/2)",không có ngoại lệ chính tả đặc biệt,,2,hemisphere;hemispherical
auto-,self; by oneself; automatic,"tự, tự động, bản thân","Tạo danh từ (100% trường hợp); thường gắn vào danh từ gốc (loader, mobile)",không có ngoại lệ chính tả đặc biệt,,2,autoloader;automobile
centi-,one hundredth of a unit (metric prefix); hundred,một phần trăm của đơn vị (tiền tố hệ mét); trăm,"Không có pos áp đảo rõ rệt — tạo nhiều loại từ khác nhau tùy gốc (tính từ, danh từ đều 1/2)",không có ngoại lệ chính tả đặc biệt,,2,centigrade;centimetre
juxta-,"next to, beside; side by side","bên cạnh, kề nhau, sát nhau","Không có pos áp đảo rõ rệt — tạo nhiều loại từ khác nhau tùy gốc (động từ, danh từ đều 1/2)",không có ngoại lệ chính tả đặc biệt,,2,juxtapose;juxtaposition
dys-,"bad, abnormal, difficult, impaired","xấu, bất thường, khó khăn, suy yếu","Tạo danh từ (100%, dữ liệu hạn chế: chỉ 1 ví dụ); gắn vào danh từ gốc Hy Lạp (trophy)",không có ngoại lệ chính tả đặc biệt,,1,dystrophy
dia-,"through, across, between","xuyên qua, giữa, qua lại","Tạo danh từ (100%, dữ liệu hạn chế: chỉ 1 ví dụ); gắn vào danh từ gốc Hy Lạp (logue)",không có ngoại lệ chính tả đặc biệt,,1,dialogue
intra-,"within, inside","bên trong, trong nội bộ","Tạo tính từ (100%, dữ liệu hạn chế: chỉ 1 ví dụ); gắn vào tính từ gốc (departmental)",không có ngoại lệ chính tả đặc biệt,,1,intradepartmental
infra-,"below, beneath; on the lower side of","dưới, phía dưới của","Tạo tính từ (100%, dữ liệu hạn chế: chỉ 1 ví dụ); gắn vào tính từ gốc (red)",không có ngoại lệ chính tả đặc biệt,,1,infrared
melli-,honey,mật ong,"Tạo tính từ (100%, dữ liệu hạn chế: chỉ 1 ví dụ); gắn vào gốc Latin (fluous - chảy)",không có ngoại lệ chính tả đặc biệt,,1,mellifluous
macro-,"large, large-scale","lớn, quy mô lớn","Tạo trạng từ (100%, dữ liệu hạn chế: chỉ 1 ví dụ, dẫn xuất từ tính từ macroscopic); gắn vào tính từ/danh từ gốc",không có ngoại lệ chính tả đặc biệt,,1,macroscopically
ob-,"against, toward, in front of; inversely (Latin assimilating prefix)","chống lại, hướng về, trước mặt; ngược lại (tiền tố Latin có đồng hóa)","Tạo danh từ (100%, dữ liệu hạn chế: chỉ 1 ví dụ); gắn vào gốc Latin (verse)","tiền tố Latin có đồng hóa phụ âm: ob- đổi thành oc- trước c (occur), of- trước f (offer), op- trước p (oppose), o- trước m (omit)","oc- (trước c), of- (trước f), op- (trước p), o- (trước m)",1,obverse
min-,"small, miniature (shortened form of 'mini-')","nhỏ, thu nhỏ (dạng rút gọn của 'mini-')","Tạo danh từ (100%, dữ liệu hạn chế: chỉ 1 ví dụ); gắn vào danh từ gốc (bus)",không có ngoại lệ chính tả đặc biệt,mini- (dạng đầy đủ),1,minibus
peri-,"around, about, near","xung quanh, gần","Tạo danh từ (100%, dữ liệu hạn chế: chỉ 1 ví dụ); gắn vào danh từ gốc Hy Lạp (scope)",không có ngoại lệ chính tả đặc biệt,,1,periscope
pent-,five,năm,"Tạo danh từ (100%, dữ liệu hạn chế: chỉ 1 ví dụ)",không có ngoại lệ chính tả đặc biệt,"penta- (dạng đầy đủ trước phụ âm, vd pentagon)",1,penthouse
suf-,"under, below; from under (assimilated form of Latin 'sub-' before roots beginning with f)","dưới, từ dưới (dạng đồng hóa của tiền tố Latin 'sub-' trước gốc bắt đầu bằng f)","Tạo động từ (100%, dữ liệu hạn chế: chỉ 1 ví dụ); gắn vào gốc Latin (fer - mang, chịu)","đây là dạng đồng hóa của tiền tố Latin sub- (b đồng hóa thành f trước gốc bắt đầu bằng f, vd suffer, suffix)","biến thể đồng hóa của sub-: suc- (trước c), suf- (trước f), sug- (trước g), sum- (trước m), sup- (trước p), sur- (trước r), sus- (trước s/t)",1,suffer
quadro-,four (variant of quad-/quadri- used before vowels in some coinages),bốn (biến thể của quad-/quadri- dùng trước nguyên âm trong một số từ mới),"Tạo tính từ (100%, dữ liệu hạn chế: chỉ 1 ví dụ); gắn vào tính từ gốc Hy Lạp (phonic)",không có ngoại lệ chính tả đặc biệt,"quad-, quadri-, quadru- (các biến thể khác cùng gốc nghĩa 'bốn')",1,quadrophonic
thru-,through (informal simplified spelling of 'through'),xuyên qua (chính tả rút gọn không chính thức của 'through'),"Tạo danh từ (100%, dữ liệu hạn chế: chỉ 1 ví dụ); gắn vào danh từ gốc (way)",không có ngoại lệ chính tả đặc biệt,through- (dạng chính tả chuẩn),1,thruway
sus-,"under, from below, up from under (assimilated form of Latin 'sub-' before some roots beginning with t)","dưới, từ dưới lên (dạng đồng hóa của tiền tố Latin 'sub-' trước một số gốc bắt đầu bằng t)","Tạo danh từ (100%, dữ liệu hạn chế: chỉ 1 ví dụ); gắn vào gốc Latin (tenance - giữ, cầm)","đây là dạng đồng hóa của tiền tố Latin sub- (trước một số gốc bắt đầu bằng t/s, vd sustain, sustenance, suspect)","biến thể đồng hóa của sub-: suc- (trước c), suf- (trước f), sug- (trước g), sum- (trước m), sup- (trước p), sur- (trước r), sus- (trước s/t)",1,sustenance
ad-,"to, toward, in addition to","đến, hướng tới, thêm vào",Thường không đổi từ loại gốc; tạo nhiều pos khác nhau tùy gốc (chủ yếu verb/noun),"Đồng hóa phụ âm đầu theo phụ âm đứng sau: ac- (trước c), af- (trước f), ag- (trước g), al- (trước l), an- (trước n), ap- (trước p), ar- (trước r), as- (trước s), at- (trước t); giữ nguyên ad- trước nguyên âm hoặc d/j/m/v; đôi khi giản lược thành a- (vd avow, await)","ac-, af-, ag-, al-, an-, ap-, ar-, as-, at-, a- (giản lược)",92,abase;abasement;acclimate;acclimation;acclimatization;acclimatize;accredit;accreditation;acculturated;acculturation;accustom;acquit;acquittal;adjoin;adjudge;adjust;adjustable;adjuster;adjustment;administer;administration;administrative;administratively;administrator;admix;admixture;affirm;affirmation;affirmative;affirmatively;affluence;affluent;afforest;afforestation;affront;aggrandize;aggrandizement;align;alignment;amass;amount;annotate;annotation;apportion;apportionment;approbation;ascertain;ascertainable;ascribable;ascribe;ascription;assort;assortment;assurance;assure;assuredly;astringent;attributable;attribute;attribution;attributive;attributively;attuned;avow;avowal;avowedly;await;disafforest;disafforestation;disapprobation;disavow;disavowal;maladjusted;maladjustment;misalignment;nonaligned;nonalignment;readjust;readjustment;reaffirm;reaffirmation;reafforest;reafforestation;realign;realignment;reapportioned;reapportionment;reassurance;reassure;reassuringly;unaccustomed;unadjusted
a- (phủ định),"not, without (Greek negative prefix)","không, thiếu (tiền tố phủ định gốc Hy Lạp)","Gắn vào tính từ/danh từ gốc Hy Lạp, tạo tính từ/danh từ mang nghĩa phủ định","Trước nguyên âm chuyển thành ""an-"" (vd anarchy, anaerobic — không có trong batch này nhưng là quy tắc chuẩn)",an- (trước nguyên âm),11,amoral;apathetic;apathetically;apathy;asexual;asexuality;asexually;atonal;atonality;atypical;atypically
a- (trạng thái),"in a state or process of (from Old English ""on-"")","đang trong trạng thái/quá trình nào đó (gốc tiếng Anh cổ ""on-"")","Tạo tính từ vị ngữ (predicative adjective) hoặc trạng từ, thường đứng sau động từ liên kết be/fall/go",không có ngoại lệ chính tả đặc biệt,,17,afield;afire;aflame;afloat;afoot;alike;alive;amidst;arise;ashamed;ashamedly;ashore;atop;awake;awaken;reawaken;unashamedly
in-/im-/il-/ir- (phủ định),"not, opposite of","không, trái với; đảo ngược nghĩa gốc","Gắn chủ yếu vào tính từ, tạo tính từ mang nghĩa phủ định (adjective→adjective); cũng gắn vào 1 số danh từ trừu tượng","Đồng hóa phụ âm đầu: im- (trước b/m/p), il- (trước l), ir- (trước r), giữ in- ở các trường hợp còn lại","im- (trước b/m/p), il- (trước l), ir- (trước r)",280,ignoble;ignobly;illegal;illegality;illegally;illimitable;illogical;illogicality;illogically;illogicalness;imbalance;immaterial;immature;immaturely;immaturity;immeasurable;immeasurably;immobile;immobility;immobilization;immobilize;immoderate;immoderately;immodest;immodestly;immodesty;immoral;immorality;immorally;immovable;immovably;impartial;impartiality;impartially;impassable;impassive;impassively;impassiveness;impassivity;impatience;impatient;impatiently;impersonal;impersonalized;impersonally;impolite;impolitely;impoliteness;impossibility;impossible;impossibly;impotent;impotently;imprecise;imprecisely;improbability;improbable;improbably;improper;improperly;impure;impurity;inability;inaccessibility;inaccessible;inaccessibly;inaction;inactivate;inactivation;inactive;inactively;inactivity;inadmissibility;inadmissible;inadmissibly;inadvisable;inalienable;inapplicability;inapplicable;inartistic;inartistically;inattention;inattentive;inattentively;inattentiveness;inaudible;inaudibly;incapability;incapable;incapably;incivility;incomparability;incomparable;incomparably;incompetence;incompetency;incompetent;incompetently;incomplete;incompletely;incompleteness;incompressible;inconsequence;inconsequential;inconsequentially;inconsiderable;inconsiderate;inconsiderately;inconsiderateness;inconstancy;inconstant;incontestability;incontestable;incontestably;inconvenience;inconvenient;inconveniently;incorrect;incorrectly;incorrectness;incorrigibility;incorrigible;incorrigibly;incurable;incurably;incurious;indecent;indecently;indecision;indecisive;indecisively;indecisiveness;indefinable;indefinably;indefinite;indefinitely;indefiniteness;indescribable;indescribably;indeterminable;indeterminably;indeterminacy;indeterminate;indifference;indifferent;indifferently;indirect;indirection;indirectly;indirectness;indiscipline;indiscriminate;indiscriminately;indisposed;indisputable;indisputably;indistinct;indistinctly;indistinctness;indistinguishable;indistinguishably;individual;individualism;individualist;individualistic;individuality;individualization;individualize;individually;individuation;indivisibility;indivisible;indivisibly;indubitable;indubitably;ineffaceable;inefficiency;inefficient;inefficiently;inelegant;inelegantly;inescapable;inescapably;inessential;inexact;inexactitude;inexactness;inexcusable;inexcusably;inexpensive;inexpensively;inexperience;inexpert;inexpertly;inexplicability;inexplicable;inexplicably;inexpressible;inexpressibly;infamous;infamy;infirm;infirmary;infirmity;informal;informality;informally;infrequent;infrequently;inglorious;ingloriously;inhuman;inhumanity;injustice;inorganic;inorganically;inquietude;insecure;insecurely;insecurity;insensate;insensibility;insensible;insensibly;insensitive;insensitively;insensitivity;insignificance;insignificant;insignificantly;insincere;insincerely;insincerity;insolvable;insolvency;insolvent;instability;insubstantial;insufferable;insufferably;insupportable;insurmountable;intestate;intransitive;intransitively;invalid;invalidate;invalidation;invalidity;invalidly;invaluable;invariability;invariable;invariably;invariant;invulnerability;invulnerable;invulnerably;irrational;irrationality;irrationally;irrecoverable;irrecoverably;irremediable;irremediably;irremovable;irreparable;irreparably;irreplaceable;irrepressible;irrepressibly;irresolvable;irrespective;irresponsibility;irresponsible;irresponsibly;irretrievable;irretrievably;irreversible;irreversibly
in-/im- (vào trong),"in, into","vào, vào trong","Gắn chủ yếu vào động từ gốc Latin, tạo động từ chỉ hướng vào trong; cũng tạo danh từ liên quan","Đồng hóa thành im- trước b/m/p (import, impress, implant); không có dạng il-/ir- cho nghĩa này",im- (trước b/m/p),128,imbedded;impale;impalement;impart;impartation;impassion;impersonate;impersonation;impersonator;implant;implantation;import;importation;importer;impose;imposingly;imposition;impound;impoundments;impress;impression;impressionability;impressionable;impressionably;impressionism;impressionistic;impressionistically;impressive;impressively;impressiveness;imprint;imprison;imprisonment;impulse;impulsion;impulsive;impulsively;impulsiveness;inboard;inborn;inbound;inbred;incite;incitement;inclosed;income;incriminate;incrimination;indebted;indebtedness;indoctrinate;indoctrination;indoor;infield;infielder;infighting;infiltrate;infiltration;infiltrator;inflame;inflammable;inflammation;inflammatory;inflow;influence;influential;influentially;ingathering;ingoing;ingrain;ingrowing;inhabit;inhabitable;inhabitant;inhabitation;inland;inlay;inlays;inlet;inmate;inmost;inpouring;input;inquest;inroad;inrush;inscribe;inscription;inset;inshore;inside;insider;insight;install;installation;instalment;instate;instep;instillation;instilled;intake;intend;intendant;intent;intention;intentional;intentionally;intently;intentness;intonation;intone;irradiate;irradiation;noninflammable;reinforce;reinforcement;reinstall;reinstate;reinstatement;superimpose;superintend;superintendent;unimposing;unimpressed;unimpressive;uninfluenced;uninhabitable;unintended
